AdjustmentType,AdjustmentName,AdjustedField,Drawn,Undrawn,PD,CustomerID,CustomerType,RiskCategory,IsDefaulted,CountryCode,NewVal
Amend,GRC_EndMonth,CountryCode,352883,417011,0.29,CUST563201,SME,Medium,0,US,GB
Amend,GRC_EndMonth,RiskCategory,372584,396770,0.55,CUST192654,Corporate,Medium,1,GB,Low
DERP,GRC_EndMonth,RiskCategory,85891,563156,0.59,CUST563201,Corporate,High,0,GB,
Amend,Default,CustomerID,301090,589197,0.49,CUST712035,Retail,High,0,GB,CUST804231
Amend,Credit_Uplift,IsDefaulted,454232,898762,0.91,CUST665428,Corporate,Low,1,GB,0
Amend,Credit_Uplift,CustomerID,448442,910051,0.38,CUST359147,Corporate,Medium,1,GB,CUST981372
Amend,Default,CustomerType,856416,866444,0.23,CUST712035,Retail,High,0,US,Corporate
Amend,Credit_Uplift,CountryCode,176798,179366,0.07,CUST804231,Retail,Medium,0,GB,DE
Amend,Defaulting_Reclassify,CountryCode,377663,621487,0.27,CUST563201,Retail,High,1,GB,DE
Amend,Default,CountryCode,161255,693759,0.83,CUST665428,SME,High,0,DE,DE
DERP,Fix_Broken_Batch,CustomerID,504674,858473,0.68,CUST450896,Corporate,High,1,US,
Amend,Default,RiskCategory,491148,256949,0.77,CUST563201,Corporate,Medium,0,DE,High
Amend,Defaulting_Reclassify,IsDefaulted,540503,652347,0.51,CUST981372,Retail,High,1,DE,0
Amend,Credit_Uplift,CustomerType,458908,405683,0.78,CUST665428,SME,Medium,0,DE,Corporate
Amend,Default,CountryCode,434784,29848,0.38,CUST665428,Retail,High,1,DE,DE
Amend,Default,CountryCode,395990,345267,0.46,CUST804231,SME,Low,0,DE,DE
DERP,GRC_EndMonth,IsDefaulted,935381,793627,0.4,CUST103289,Corporate,High,1,GB,
Amend,GRC_EndMonth,IsDefaulted,434252,821480,0.33,CUST563201,Retail,Low,0,DE,0
Amend,GRC_EndMonth,IsDefaulted,123002,612567,0.57,CUST563201,SME,Medium,0,DE,1
Amend,Default,CountryCode,376425,887094,0.47,CUST192654,Retail,Low,1,DE,GB
Amend,Defaulting_Reclassify,CountryCode,721161,159210,0.18,CUST665428,Corporate,Low,1,US,DE
Amend,Defaulting_Reclassify,CountryCode,609016,169700,0.53,CUST712035,Corporate,Low,0,DE,DE
Amend,GRC_EndMonth,IsDefaulted,360034,369431,0.07,CUST665428,Corporate,Medium,1,GB,0
Amend,Defaulting_Reclassify,RiskCategory,523273,37146,0.19,CUST359147,SME,Medium,1,DE,Medium
DERP,GRC_EndMonth,RiskCategory,155699,951650,0.79,CUST804231,Corporate,High,0,DE,
Amend,Default,CustomerID,534101,286137,0.46,CUST804231,Retail,Low,1,DE,CUST359147
Amend,GRC_EndMonth,IsDefaulted,301193,273933,0.35,CUST359147,Corporate,Low,1,US,1
DERP,Default,CountryCode,383388,642822,0.29,CUST665428,Corporate,High,1,US,
Amend,Default,RiskCategory,473969,150110,0.36,CUST238947,Retail,High,1,DE,Low
Amend,Fix_Broken_Batch,CustomerType,568924,882404,0.42,CUST192654,Corporate,Low,0,US,Retail
Amend,Default,RiskCategory,183639,676523,0.33,CUST450896,Retail,Medium,0,US,Low
Amend,Default,CountryCode,230114,721023,0.82,CUST450896,SME,Low,1,GB,US
Amend,Credit_Uplift,CustomerID,839335,815306,0.57,CUST712035,Retail,Medium,1,DE,CUST359147
Amend,Credit_Uplift,RiskCategory,567015,659977,0.94,CUST804231,SME,Medium,1,DE,Medium
Amend,Credit_Uplift,CustomerID,45033,773886,0.62,CUST103289,SME,Low,0,DE,CUST359147
Amend,Credit_Uplift,IsDefaulted,121562,276456,0.74,CUST450896,SME,Low,0,DE,0
Amend,Fix_Broken_Batch,IsDefaulted,83741,991828,0.16,CUST238947,Corporate,Low,1,DE,0
Amend,Defaulting_Reclassify,CountryCode,108356,3701,0.46,CUST804231,Retail,High,0,GB,DE
Amend,Fix_Broken_Batch,CustomerID,726378,344535,0.83,CUST359147,SME,Low,1,GB,CUST981372
Amend,GRC_EndMonth,CustomerType,404101,829459,0.78,CUST359147,SME,Medium,1,DE,Corporate
Amend,Fix_Broken_Batch,IsDefaulted,19096,98198,0.73,CUST712035,SME,High,1,GB,0
Amend,Credit_Uplift,CountryCode,414206,880980,0.34,CUST563201,Retail,Medium,1,GB,US
Amend,Defaulting_Reclassify,CustomerType,884951,186830,0.14,CUST450896,Retail,Low,0,GB,SME
DERP,Credit_Uplift,CustomerID,206320,538952,0.76,CUST665428,Corporate,High,0,GB,
DERP,Defaulting_Reclassify,CountryCode,31323,426289,0.86,CUST981372,Corporate,High,1,US,
Amend,Defaulting_Reclassify,CountryCode,600214,946703,0.22,CUST450896,Corporate,Low,0,DE,GB
Amend,Fix_Broken_Batch,CountryCode,487855,547348,0.61,CUST359147,Corporate,Medium,1,GB,DE
Amend,Default,CountryCode,5446,969815,0.89,CUST981372,Corporate,Medium,1,GB,US
Amend,GRC_EndMonth,CountryCode,863958,963876,0.27,CUST981372,SME,Medium,1,US,DE
Amend,Default,CustomerID,10346,130984,0.3,CUST563201,Corporate,Low,0,DE,CUST450896
Amend,GRC_EndMonth,CustomerID,135290,207569,0.48,CUST665428,Retail,High,0,US,CUST450896
Amend,Fix_Broken_Batch,RiskCategory,347730,618472,0.91,CUST665428,SME,High,0,US,Low
Amend,Fix_Broken_Batch,IsDefaulted,819788,278728,0.64,CUST359147,Retail,Medium,0,GB,0
Amend,Fix_Broken_Batch,CustomerType,811893,966851,0.47,CUST103289,Corporate,Medium,1,GB,SME
Amend,Fix_Broken_Batch,CustomerID,352045,452970,0.98,CUST359147,Retail,Medium,1,DE,CUST804231
Amend,GRC_EndMonth,RiskCategory,558662,24487,0.6,CUST103289,Corporate,Low,0,US,Medium
Amend,Defaulting_Reclassify,CustomerID,266641,765053,0.04,CUST192654,Corporate,Low,1,DE,CUST981372
Amend,Default,CustomerID,312492,111287,0.02,CUST981372,SME,Medium,1,DE,CUST238947
Amend,Defaulting_Reclassify,CustomerType,76858,895984,0.1,CUST103289,SME,Medium,1,US,Retail
Amend,Default,CustomerType,225241,868484,0.96,CUST981372,Retail,Medium,0,GB,Retail
Amend,Fix_Broken_Batch,RiskCategory,665833,39555,0.46,CUST712035,Retail,Low,1,GB,Medium
Amend,Credit_Uplift,IsDefaulted,986063,760393,0.27,CUST359147,Retail,Low,1,GB,1
Amend,Fix_Broken_Batch,CustomerType,608386,371076,0.64,CUST804231,SME,Low,1,US,Corporate
Amend,Credit_Uplift,CustomerID,400758,943263,0.3,CUST981372,Corporate,Low,1,US,CUST192654
Amend,Fix_Broken_Batch,CustomerType,636021,989445,0.42,CUST359147,SME,Medium,1,GB,SME
Amend,Default,IsDefaulted,655651,344213,0.5,CUST665428,Corporate,Medium,1,DE,1
Amend,GRC_EndMonth,CustomerType,750179,801671,0.94,CUST238947,SME,Low,0,GB,SME
Amend,GRC_EndMonth,CustomerID,180142,473412,0.27,CUST665428,Retail,High,0,DE,CUST359147
Amend,Fix_Broken_Batch,CustomerType,303072,452389,0.06,CUST804231,Corporate,Low,0,GB,Corporate
Amend,GRC_EndMonth,CustomerID,975845,501357,0.28,CUST238947,Retail,High,0,US,CUST563201
DERP,GRC_EndMonth,CountryCode,358098,1679,0.97,CUST192654,Corporate,High,0,US,
Amend,Fix_Broken_Batch,CountryCode,951723,432174,0.47,CUST981372,Retail,High,0,DE,DE
Amend,Default,CustomerType,868378,580119,0.95,CUST192654,Corporate,Medium,0,GB,SME
DERP,Default,RiskCategory,183272,228221,0.02,CUST359147,Corporate,High,0,GB,
Amend,Default,CustomerID,33821,545687,0.08,CUST804231,SME,Low,0,DE,CUST712035
Amend,Defaulting_Reclassify,CountryCode,663461,179906,0.26,CUST192654,Retail,Low,1,DE,DE
Amend,GRC_EndMonth,CustomerID,948347,994676,0.62,CUST712035,SME,Medium,0,DE,CUST103289
DERP,Defaulting_Reclassify,RiskCategory,546386,888096,0.77,CUST712035,Corporate,High,0,US,
DERP,Credit_Uplift,IsDefaulted,942150,943855,0.68,CUST563201,Corporate,High,1,GB,
DERP,GRC_EndMonth,CountryCode,722219,258179,0.12,CUST359147,Corporate,High,1,DE,
Amend,Defaulting_Reclassify,CustomerType,467233,354412,0.62,CUST103289,Corporate,Low,0,DE,SME
Amend,Default,CustomerID,912398,564428,0.65,CUST238947,SME,High,0,US,CUST192654
Amend,Defaulting_Reclassify,CustomerType,731596,934423,0.73,CUST712035,SME,Medium,0,US,SME
Amend,Defaulting_Reclassify,IsDefaulted,514343,113957,0.25,CUST804231,SME,High,1,DE,0
Amend,GRC_EndMonth,IsDefaulted,86136,646788,0.28,CUST563201,Retail,High,1,GB,0
Amend,GRC_EndMonth,CustomerType,412965,594826,0.41,CUST238947,Corporate,Medium,0,GB,SME
Amend,Default,IsDefaulted,693187,876350,0.89,CUST563201,SME,Medium,1,GB,0
Amend,GRC_EndMonth,IsDefaulted,651099,270980,0.17,CUST804231,Retail,Low,1,DE,1
Amend,Defaulting_Reclassify,IsDefaulted,209749,835061,0.06,CUST103289,SME,Low,0,US,0
Amend,GRC_EndMonth,CustomerType,569518,690806,0.13,CUST981372,SME,Medium,1,DE,SME
DERP,Defaulting_Reclassify,CustomerType,596917,711814,0.01,CUST103289,Corporate,High,1,US,
Amend,Defaulting_Reclassify,CustomerType,705087,17647,0.27,CUST238947,Corporate,Medium,1,US,Corporate
Amend,Credit_Uplift,CustomerID,325773,16263,0.15,CUST238947,Retail,High,1,GB,CUST192654
Amend,Fix_Broken_Batch,CustomerID,483166,97352,0.15,CUST804231,SME,Low,0,GB,CUST665428
Amend,GRC_EndMonth,RiskCategory,718736,414413,0.3,CUST238947,SME,High,1,GB,Medium
Amend,Credit_Uplift,CustomerID,41942,29114,0.75,CUST192654,Retail,Medium,1,US,CUST192654
Amend,Defaulting_Reclassify,IsDefaulted,888888,528183,0.87,CUST563201,SME,High,0,GB,1
Amend,Credit_Uplift,IsDefaulted,180414,452010,0.31,CUST563201,Retail,Low,0,GB,1
Amend,Defaulting_Reclassify,CustomerID,463829,228921,0.86,CUST238947,Retail,Medium,0,GB,CUST192654
Amend,Defaulting_Reclassify,CustomerID,88145,485792,0.34,CUST665428,SME,Low,1,GB,CUST359147
Amend,GRC_EndMonth,CountryCode,386501,306630,0.5,CUST103289,SME,Low,1,US,GB
DERP,Fix_Broken_Batch,IsDefaulted,379518,639811,0.91,CUST712035,Corporate,High,1,DE,
Amend,Default,RiskCategory,481168,982737,0.7,CUST192654,Corporate,Low,1,DE,High
Amend,Defaulting_Reclassify,CustomerID,295551,405567,0.14,CUST192654,SME,Low,0,GB,CUST450896
Amend,Defaulting_Reclassify,CustomerID,911925,480290,0.37,CUST665428,SME,Low,1,US,CUST359147
Amend,Defaulting_Reclassify,CustomerType,356013,353542,0.48,CUST450896,SME,Medium,0,US,Corporate
Amend,Credit_Uplift,IsDefaulted,774553,51958,0.64,CUST981372,Retail,Low,1,DE,1
Amend,Credit_Uplift,CustomerType,749912,115091,0.13,CUST192654,Corporate,Low,0,DE,Retail
Amend,Default,CustomerType,107846,546936,0.19,CUST103289,Retail,Medium,0,DE,Retail
Amend,Fix_Broken_Batch,CountryCode,332934,578056,0.04,CUST103289,Corporate,Low,1,US,US
Amend,Fix_Broken_Batch,CustomerType,781427,302077,0.96,CUST981372,Retail,Low,1,US,SME
Amend,Credit_Uplift,CountryCode,939678,834842,0.3,CUST804231,Retail,High,1,GB,US
Amend,Fix_Broken_Batch,CustomerType,634803,108442,0.82,CUST665428,Corporate,Medium,0,GB,Retail
Amend,Credit_Uplift,CustomerID,506452,618991,0.37,CUST712035,Retail,Medium,1,DE,CUST563201
Amend,Fix_Broken_Batch,CustomerID,809133,576236,0.61,CUST450896,Corporate,Medium,0,US,CUST981372
Amend,Credit_Uplift,CustomerID,50034,563131,0.99,CUST804231,Corporate,Medium,1,US,CUST804231
Amend,Defaulting_Reclassify,RiskCategory,342000,848860,0.74,CUST665428,Corporate,Low,1,US,Low
Amend,Fix_Broken_Batch,IsDefaulted,376991,533981,0.03,CUST192654,Corporate,Medium,0,US,0
Amend,GRC_EndMonth,CustomerID,141882,11971,0.67,CUST712035,SME,Low,1,DE,CUST712035
DERP,Credit_Uplift,CustomerType,296451,631240,0.13,CUST712035,Corporate,High,0,US,
DERP,GRC_EndMonth,RiskCategory,841215,574773,0.87,CUST359147,Corporate,High,1,DE,
Amend,Default,RiskCategory,671233,764154,0.33,CUST712035,SME,Medium,1,GB,High
Amend,GRC_EndMonth,CustomerType,616686,274688,0.57,CUST665428,SME,Medium,0,US,Corporate
Amend,GRC_EndMonth,CustomerType,483262,348009,0.93,CUST712035,Retail,High,0,GB,Retail
Amend,GRC_EndMonth,RiskCategory,226176,400885,0.15,CUST804231,Corporate,Medium,0,US,Low
Amend,Default,RiskCategory,367715,456847,0.56,CUST192654,Retail,High,0,DE,Medium
Amend,Credit_Uplift,IsDefaulted,460856,228017,0.94,CUST665428,Corporate,Medium,1,US,1
Amend,Credit_Uplift,RiskCategory,590322,303786,0.06,CUST804231,SME,Medium,1,GB,Low
Amend,GRC_EndMonth,CustomerType,13635,959801,0.47,CUST238947,Corporate,Medium,1,GB,Corporate
Amend,Default,CustomerID,897372,226140,0.8,CUST103289,Retail,Low,0,DE,CUST238947
Amend,Fix_Broken_Batch,CountryCode,704891,685307,0.59,CUST981372,Retail,Medium,0,US,DE
Amend,GRC_EndMonth,RiskCategory,825112,363276,0.74,CUST450896,Retail,Medium,1,US,Low
Amend,Defaulting_Reclassify,CustomerID,976158,913768,0.14,CUST359147,SME,Low,0,US,CUST981372
Amend,GRC_EndMonth,RiskCategory,921206,677328,0.93,CUST563201,Retail,High,1,DE,High
Amend,Default,CustomerType,585064,405769,0.42,CUST712035,Corporate,Medium,0,US,Retail
Amend,GRC_EndMonth,IsDefaulted,885215,440922,0.94,CUST563201,SME,Medium,0,US,1
Amend,Defaulting_Reclassify,CustomerType,408227,218017,0.2,CUST981372,Corporate,Low,1,GB,SME
Amend,Default,CountryCode,785317,630201,0.52,CUST192654,Retail,Medium,0,DE,DE
Amend,Credit_Uplift,CustomerID,787778,221610,0.47,CUST192654,Retail,Low,1,DE,CUST238947
Amend,Default,CustomerType,702504,86925,0.62,CUST804231,Retail,Low,1,US,SME
Amend,Fix_Broken_Batch,IsDefaulted,424252,429171,0.4,CUST804231,Retail,High,0,DE,1
Amend,GRC_EndMonth,RiskCategory,636509,221044,0.53,CUST712035,Corporate,Medium,1,GB,High
Amend,Defaulting_Reclassify,CustomerType,970613,741621,0.37,CUST665428,Retail,Low,0,US,Corporate
Amend,Defaulting_Reclassify,CustomerType,698522,832258,0.17,CUST665428,SME,Medium,0,DE,Retail
Amend,Fix_Broken_Batch,CountryCode,813553,421328,0.35,CUST981372,Retail,Medium,0,GB,US
Amend,Defaulting_Reclassify,CustomerID,542767,622877,0.96,CUST192654,Retail,High,0,US,CUST981372
Amend,Default,CountryCode,84477,333858,0.23,CUST238947,Retail,High,0,GB,DE
Amend,GRC_EndMonth,CustomerID,523290,872735,0.25,CUST238947,SME,High,1,GB,CUST665428
Amend,Credit_Uplift,CustomerType,318178,409612,0.48,CUST359147,SME,Medium,1,US,SME
Amend,Credit_Uplift,IsDefaulted,339549,973555,0.08,CUST981372,SME,Medium,0,US,1
Amend,Credit_Uplift,CountryCode,715882,850256,0.9,CUST359147,SME,Medium,0,GB,GB
Amend,Default,CustomerType,944969,438546,0.33,CUST665428,SME,Medium,0,US,SME
Amend,Default,CustomerType,274726,32679,0.77,CUST712035,Retail,Medium,1,DE,Corporate
DERP,Fix_Broken_Batch,IsDefaulted,162815,914295,0.81,CUST804231,Corporate,High,0,DE,
Amend,Default,CustomerType,666161,943242,0.26,CUST238947,SME,Medium,0,DE,Corporate
Amend,Credit_Uplift,IsDefaulted,901335,385098,0.15,CUST192654,SME,Medium,1,US,1
Amend,GRC_EndMonth,CustomerID,697930,337793,0.16,CUST238947,SME,High,1,DE,CUST450896
Amend,Defaulting_Reclassify,CustomerType,408643,194584,0.62,CUST238947,Retail,Low,1,US,Corporate
Amend,Credit_Uplift,RiskCategory,278530,786818,0.51,CUST450896,Corporate,Low,1,GB,High
DERP,GRC_EndMonth,RiskCategory,422767,44856,0.54,CUST981372,Corporate,High,1,DE,
Amend,Fix_Broken_Batch,CountryCode,564247,322052,0.71,CUST665428,Corporate,Low,1,US,DE
Amend,Defaulting_Reclassify,CountryCode,30140,861122,0.48,CUST804231,Corporate,Medium,0,US,DE
Amend,Credit_Uplift,RiskCategory,897455,405830,0.81,CUST192654,Retail,Low,0,US,High
Amend,Defaulting_Reclassify,CustomerID,923897,206671,0.84,CUST192654,SME,Low,1,US,CUST804231
Amend,Fix_Broken_Batch,RiskCategory,155114,556468,0.85,CUST665428,Retail,High,0,US,Low
Amend,Fix_Broken_Batch,RiskCategory,422815,509301,0.74,CUST359147,Corporate,Low,0,GB,Low
DERP,Fix_Broken_Batch,RiskCategory,502538,766374,0.61,CUST450896,Corporate,High,1,US,
Amend,Defaulting_Reclassify,CustomerID,702851,702997,0.23,CUST238947,Corporate,Medium,0,US,CUST665428
Amend,GRC_EndMonth,IsDefaulted,697252,32792,0.36,CUST103289,Retail,Medium,1,US,1
Amend,Fix_Broken_Batch,RiskCategory,912246,859754,0.35,CUST665428,Retail,Low,1,DE,Low
Amend,Credit_Uplift,RiskCategory,884149,333915,0.28,CUST192654,Corporate,Low,0,US,Medium
Amend,Credit_Uplift,RiskCategory,955731,552699,0.3,CUST450896,Retail,Low,1,DE,Medium
Amend,Defaulting_Reclassify,RiskCategory,820775,500011,0.01,CUST359147,Corporate,Medium,1,DE,Low
Amend,Credit_Uplift,IsDefaulted,178347,873831,0.88,CUST804231,SME,Low,0,US,0
Amend,GRC_EndMonth,CustomerType,655934,946630,0.14,CUST359147,Retail,Low,1,DE,Corporate
Amend,Fix_Broken_Batch,CountryCode,842123,613097,0.54,CUST450896,Retail,Medium,0,GB,DE
Amend,Default,RiskCategory,109155,936250,0.65,CUST103289,Retail,High,1,US,High
Amend,GRC_EndMonth,CustomerType,907451,201426,0.87,CUST665428,Corporate,Low,0,US,Retail
Amend,Defaulting_Reclassify,IsDefaulted,180005,609410,0.05,CUST981372,SME,Medium,0,US,0
Amend,Fix_Broken_Batch,CountryCode,825062,604302,0.97,CUST192654,Corporate,Low,1,US,GB
DERP,GRC_EndMonth,IsDefaulted,920511,675700,0.21,CUST238947,Corporate,High,1,GB,
Amend,Default,CustomerType,723013,545619,0.03,CUST712035,Retail,Low,0,US,Corporate
Amend,Credit_Uplift,CustomerID,42522,683951,0.36,CUST103289,Retail,High,0,US,CUST450896
Amend,Fix_Broken_Batch,CustomerID,234235,65028,0.07,CUST192654,Retail,High,0,GB,CUST192654
Amend,GRC_EndMonth,RiskCategory,809407,856617,0.12,CUST563201,Corporate,Medium,0,GB,Medium
Amend,Default,CustomerType,354242,987798,0.43,CUST981372,SME,Medium,0,DE,SME
Amend,GRC_EndMonth,IsDefaulted,273464,799043,0.58,CUST103289,SME,Medium,1,DE,0
Amend,Credit_Uplift,RiskCategory,157794,126791,0.98,CUST238947,Retail,Low,0,GB,Low
Amend,Default,CustomerType,425036,970405,0.57,CUST359147,Corporate,Medium,0,US,SME
Amend,Defaulting_Reclassify,CountryCode,566153,121065,0.5,CUST359147,Corporate,Low,0,DE,DE
Amend,Defaulting_Reclassify,CustomerType,563416,26984,0.02,CUST804231,SME,Medium,0,GB,SME
Amend,Fix_Broken_Batch,CustomerType,792599,428557,0.83,CUST712035,SME,High,1,DE,SME
DERP,Fix_Broken_Batch,IsDefaulted,821308,453318,0.08,CUST192654,Corporate,High,0,DE,
DERP,GRC_EndMonth,CustomerID,888516,886198,0.63,CUST238947,Corporate,High,0,US,
Amend,GRC_EndMonth,CountryCode,909016,112587,0.48,CUST238947,Corporate,Low,0,US,DE
Amend,Defaulting_Reclassify,RiskCategory,225006,852522,0.6,CUST563201,Corporate,Medium,0,GB,Medium
DERP,GRC_EndMonth,CountryCode,298574,469173,0.27,CUST804231,Corporate,High,1,GB,
Amend,GRC_EndMonth,RiskCategory,262983,411721,0.34,CUST359147,Corporate,Low,0,DE,Low
Amend,Defaulting_Reclassify,IsDefaulted,869863,103397,0.68,CUST712035,Corporate,Medium,1,DE,0
Amend,Fix_Broken_Batch,CustomerType,935964,254067,0.71,CUST450896,Corporate,Low,0,DE,Retail
Amend,Fix_Broken_Batch,CountryCode,457936,856331,0.48,CUST238947,Retail,Medium,0,DE,DE
Amend,Fix_Broken_Batch,RiskCategory,538007,125900,0.52,CUST238947,Corporate,Low,0,DE,High
Amend,Default,CountryCode,125376,278843,0.6,CUST712035,SME,Medium,0,DE,GB
Amend,Default,CountryCode,286899,593530,0.46,CUST192654,Retail,Low,0,US,US
Amend,GRC_EndMonth,IsDefaulted,228361,693594,0.9,CUST712035,Corporate,Low,1,US,0
Amend,Fix_Broken_Batch,CustomerType,282755,807360,0.66,CUST665428,SME,Low,1,GB,Retail
Amend,Defaulting_Reclassify,CustomerID,697282,579079,0.05,CUST238947,Corporate,Medium,1,GB,CUST712035
Amend,GRC_EndMonth,IsDefaulted,145832,71813,0.06,CUST238947,Retail,Medium,0,GB,1
Amend,Credit_Uplift,IsDefaulted,519036,456031,0.3,CUST563201,Retail,High,0,GB,0
Amend,Default,CustomerID,238320,160832,0.36,CUST665428,Corporate,Low,1,GB,CUST103289
Amend,GRC_EndMonth,IsDefaulted,141262,600806,0.12,CUST563201,Retail,Low,0,GB,0
Amend,Default,CustomerType,800261,133677,0.57,CUST238947,SME,Medium,1,GB,Corporate
Amend,GRC_EndMonth,RiskCategory,805708,403075,0.6,CUST981372,Retail,High,0,GB,High
DERP,Credit_Uplift,RiskCategory,483544,787519,0.26,CUST103289,Corporate,High,1,US,
Amend,Credit_Uplift,IsDefaulted,870129,238914,0.7,CUST712035,Retail,High,0,US,0
Amend,Fix_Broken_Batch,IsDefaulted,126397,630543,0.89,CUST450896,Corporate,Medium,1,GB,0
Amend,Default,CustomerType,322468,892149,0.1,CUST981372,SME,Medium,0,US,SME
Amend,Default,CustomerID,370402,982770,0.86,CUST450896,Corporate,Medium,1,US,CUST450896
Amend,Credit_Uplift,RiskCategory,820875,588925,0.4,CUST804231,Retail,Medium,1,GB,Low
Amend,Credit_Uplift,CustomerID,730033,278770,0.03,CUST450896,Retail,Low,0,GB,CUST563201
DERP,Credit_Uplift,IsDefaulted,971576,909486,0.17,CUST192654,Corporate,High,0,GB,
Amend,Fix_Broken_Batch,RiskCategory,124622,359485,0.14,CUST103289,SME,High,1,US,High
Amend,GRC_EndMonth,IsDefaulted,821283,698711,0.19,CUST804231,SME,High,1,US,1
Amend,Fix_Broken_Batch,CustomerType,524983,257856,0.75,CUST804231,Corporate,Medium,0,GB,Corporate
Amend,GRC_EndMonth,CountryCode,574693,810373,0.55,CUST665428,SME,Medium,1,GB,US
Amend,Credit_Uplift,CustomerID,157200,455037,0.28,CUST981372,SME,Low,0,US,CUST981372
Amend,Fix_Broken_Batch,CountryCode,636682,730387,0.34,CUST804231,SME,Low,1,DE,US
Amend,Defaulting_Reclassify,IsDefaulted,503917,663871,0.46,CUST103289,SME,Medium,0,DE,0
Amend,GRC_EndMonth,CountryCode,641881,529150,0.0,CUST450896,Corporate,Medium,1,DE,US
Amend,Defaulting_Reclassify,CustomerID,33164,445097,0.08,CUST804231,Corporate,Medium,0,GB,CUST665428
Amend,GRC_EndMonth,IsDefaulted,706051,236531,0.66,CUST103289,Retail,Medium,0,GB,0
Amend,Fix_Broken_Batch,CountryCode,6196,742373,0.46,CUST359147,Retail,Medium,0,DE,US
Amend,Default,CountryCode,784961,201356,0.34,CUST981372,Corporate,Low,1,DE,GB
DERP,Default,CountryCode,642564,94043,0.33,CUST103289,Corporate,High,1,US,
Amend,Defaulting_Reclassify,IsDefaulted,393455,89855,0.31,CUST192654,Retail,High,0,GB,0
Amend,Credit_Uplift,CountryCode,414236,153395,0.98,CUST192654,Retail,Low,1,DE,GB
Amend,Credit_Uplift,CustomerID,447392,354580,0.93,CUST103289,Corporate,Low,1,GB,CUST665428
Amend,Fix_Broken_Batch,IsDefaulted,498875,538077,0.91,CUST563201,SME,Low,1,US,1
Amend,Defaulting_Reclassify,RiskCategory,355017,62238,0.79,CUST359147,SME,Medium,1,DE,Medium
Amend,Fix_Broken_Batch,IsDefaulted,991422,992213,0.41,CUST981372,SME,High,0,US,1
Amend,Fix_Broken_Batch,CustomerType,526663,39498,0.05,CUST981372,Retail,High,0,US,Retail
Amend,Default,CustomerID,842222,351024,0.27,CUST359147,Retail,Low,1,DE,CUST238947
Amend,Fix_Broken_Batch,CustomerID,366687,868742,0.87,CUST238947,Corporate,Low,0,GB,CUST359147
Amend,Default,RiskCategory,494223,739368,0.34,CUST804231,Corporate,Medium,0,DE,Medium
Amend,Default,CustomerID,658198,884577,0.74,CUST192654,SME,Medium,0,GB,CUST238947
DERP,Default,CustomerType,500057,468725,0.06,CUST804231,Corporate,High,0,DE,
Amend,GRC_EndMonth,CustomerType,542849,338878,0.07,CUST450896,Retail,Medium,0,GB,Corporate
Amend,Default,CountryCode,525492,907937,0.93,CUST712035,SME,Medium,0,US,GB
Amend,Fix_Broken_Batch,CountryCode,26968,707574,0.57,CUST563201,SME,Low,0,US,DE
Amend,GRC_EndMonth,CustomerID,431118,309908,0.77,CUST450896,SME,Medium,1,GB,CUST804231
Amend,Credit_Uplift,CustomerID,386680,954287,0.69,CUST804231,Corporate,Low,1,GB,CUST192654
Amend,GRC_EndMonth,IsDefaulted,249153,628088,0.03,CUST359147,SME,Medium,0,GB,1
Amend,Fix_Broken_Batch,CustomerType,407151,20999,0.83,CUST192654,Corporate,Medium,0,DE,Corporate
Amend,Defaulting_Reclassify,RiskCategory,829778,833155,0.01,CUST359147,SME,Low,0,US,Low
Amend,Fix_Broken_Batch,IsDefaulted,850228,156750,0.17,CUST238947,SME,Low,0,GB,0
Amend,Credit_Uplift,CustomerType,477191,160705,0.69,CUST712035,SME,Medium,0,DE,SME
Amend,Defaulting_Reclassify,CountryCode,266746,183792,0.91,CUST665428,Retail,Low,1,DE,GB
Amend,Default,CountryCode,239337,699233,0.13,CUST192654,SME,High,1,US,US
Amend,Defaulting_Reclassify,CustomerType,17760,335323,0.87,CUST450896,SME,High,0,US,Corporate
Amend,Defaulting_Reclassify,RiskCategory,837367,887291,0.26,CUST804231,Retail,High,0,DE,Medium
Amend,GRC_EndMonth,RiskCategory,243599,407527,0.47,CUST804231,Retail,High,0,DE,Low
Amend,Defaulting_Reclassify,RiskCategory,206432,760947,0.92,CUST563201,SME,Low,0,GB,Medium
Amend,GRC_EndMonth,IsDefaulted,13852,564996,0.82,CUST981372,Retail,High,1,US,0
DERP,Default,CountryCode,624214,414540,0.22,CUST103289,Corporate,High,1,DE,
Amend,Defaulting_Reclassify,IsDefaulted,143462,942478,0.2,CUST450896,SME,Low,1,DE,0
DERP,Default,CustomerType,182870,670900,0.49,CUST712035,Corporate,High,0,US,
Amend,Default,IsDefaulted,276414,536024,0.53,CUST450896,SME,High,1,GB,1
DERP,Fix_Broken_Batch,CountryCode,197511,602995,0.87,CUST103289,Corporate,High,0,US,
Amend,Fix_Broken_Batch,CustomerID,845425,172386,0.12,CUST712035,Retail,Medium,1,US,CUST804231
Amend,GRC_EndMonth,RiskCategory,779678,786623,0.41,CUST804231,SME,Low,1,DE,Medium
Amend,Default,CustomerType,542493,574814,0.59,CUST804231,Corporate,Medium,0,GB,Corporate
Amend,Defaulting_Reclassify,CustomerType,570463,817872,0.96,CUST712035,Retail,High,0,DE,SME
Amend,Credit_Uplift,CountryCode,420003,308649,0.55,CUST359147,SME,Low,1,US,US
Amend,Credit_Uplift,RiskCategory,174534,764070,0.26,CUST238947,Retail,Low,0,DE,High
Amend,Default,CustomerID,936517,771800,0.7,CUST103289,SME,Medium,0,DE,CUST563201
Amend,Credit_Uplift,RiskCategory,494787,461852,0.22,CUST238947,SME,Medium,0,DE,Low
Amend,Credit_Uplift,RiskCategory,57168,787557,0.44,CUST103289,Retail,Low,1,DE,High
Amend,Default,CustomerID,677687,944915,0.97,CUST665428,SME,High,0,DE,CUST103289
Amend,Credit_Uplift,IsDefaulted,984774,910063,0.77,CUST103289,SME,High,1,GB,1
Amend,Fix_Broken_Batch,CustomerType,545542,601915,0.61,CUST804231,Retail,High,0,US,Corporate
Amend,GRC_EndMonth,CustomerID,913279,409580,0.91,CUST359147,SME,Low,1,DE,CUST192654
Amend,Fix_Broken_Batch,RiskCategory,350967,966797,0.46,CUST238947,Retail,Medium,1,US,High
Amend,Defaulting_Reclassify,IsDefaulted,568995,508962,0.28,CUST238947,SME,Medium,0,US,1
Amend,Fix_Broken_Batch,CountryCode,984430,768159,0.18,CUST981372,Retail,High,0,GB,GB
DERP,Defaulting_Reclassify,IsDefaulted,683626,567607,0.71,CUST804231,Corporate,High,1,DE,
Amend,Fix_Broken_Batch,IsDefaulted,438365,661725,0.71,CUST359147,Retail,High,0,DE,0
Amend,Fix_Broken_Batch,RiskCategory,842514,866529,0.48,CUST712035,Corporate,Low,0,GB,High
DERP,Defaulting_Reclassify,RiskCategory,551280,232625,0.63,CUST804231,Corporate,High,1,DE,
Amend,Fix_Broken_Batch,RiskCategory,378694,534,0.18,CUST450896,Retail,High,0,US,High
Amend,GRC_EndMonth,CountryCode,201682,624234,0.03,CUST665428,Retail,Low,0,US,DE
DERP,Fix_Broken_Batch,IsDefaulted,962525,516128,0.14,CUST665428,Corporate,High,0,DE,
Amend,Credit_Uplift,IsDefaulted,734939,865416,0.29,CUST103289,Corporate,Low,1,GB,1
DERP,Fix_Broken_Batch,RiskCategory,362542,833502,0.66,CUST359147,Corporate,High,1,GB,
DERP,Defaulting_Reclassify,CountryCode,514799,930371,0.29,CUST712035,Corporate,High,1,DE,
DERP,Fix_Broken_Batch,RiskCategory,922852,615556,0.56,CUST563201,Corporate,High,0,DE,
Amend,Default,CustomerType,362530,811345,0.65,CUST192654,Retail,Medium,1,DE,SME
Amend,Credit_Uplift,CustomerID,291674,845866,0.77,CUST804231,SME,Low,1,GB,CUST981372
Amend,Fix_Broken_Batch,RiskCategory,769161,477551,0.61,CUST450896,Retail,High,1,US,Low
Amend,GRC_EndMonth,RiskCategory,227019,928895,0.37,CUST103289,Corporate,Low,1,GB,Low
Amend,Default,CustomerID,155989,346740,0.19,CUST665428,Retail,High,0,GB,CUST712035
Amend,Fix_Broken_Batch,RiskCategory,638360,659966,0.91,CUST665428,Retail,High,1,US,Medium
Amend,GRC_EndMonth,CountryCode,836779,307047,0.18,CUST665428,Retail,High,1,US,US
Amend,Default,CountryCode,555278,290520,0.88,CUST359147,Retail,High,1,GB,US
Amend,GRC_EndMonth,CountryCode,502204,355320,0.83,CUST665428,Retail,Low,0,GB,GB
Amend,Default,RiskCategory,287279,316096,0.27,CUST238947,Retail,Low,0,DE,High
DERP,Default,RiskCategory,233829,384872,0.92,CUST804231,Corporate,High,0,DE,
DERP,Credit_Uplift,CountryCode,925984,336098,0.49,CUST103289,Corporate,High,1,US,
Amend,GRC_EndMonth,CountryCode,160768,177575,0.54,CUST103289,Retail,High,0,US,GB
Amend,Defaulting_Reclassify,CustomerID,790834,442606,0.0,CUST192654,Retail,Medium,0,US,CUST192654
Amend,Fix_Broken_Batch,CountryCode,61132,574267,0.61,CUST563201,Corporate,Low,0,DE,DE
Amend,Default,CustomerType,834520,653685,0.21,CUST665428,Corporate,Low,0,DE,Corporate
Amend,Credit_Uplift,CountryCode,810502,429280,0.6,CUST238947,Retail,Medium,1,GB,US
Amend,GRC_EndMonth,RiskCategory,270078,343381,0.52,CUST238947,Corporate,Low,0,GB,Medium
Amend,Fix_Broken_Batch,IsDefaulted,434799,312793,0.3,CUST981372,Corporate,Low,0,GB,1
Amend,Default,RiskCategory,847882,154203,0.22,CUST712035,Retail,Low,1,US,Medium
Amend,Fix_Broken_Batch,CustomerType,54763,339085,0.58,CUST563201,SME,Medium,0,DE,SME
Amend,Defaulting_Reclassify,CustomerID,330994,19526,0.56,CUST192654,SME,Low,1,GB,CUST359147
Amend,Credit_Uplift,IsDefaulted,675264,874294,0.92,CUST563201,Corporate,Low,0,GB,0
Amend,Default,CustomerType,241130,129763,0.79,CUST238947,Corporate,Medium,1,DE,Retail
Amend,Credit_Uplift,IsDefaulted,631293,226123,0.71,CUST103289,Corporate,Low,0,GB,1
Amend,Credit_Uplift,RiskCategory,919572,815744,0.17,CUST563201,Corporate,Low,1,DE,Medium
Amend,GRC_EndMonth,CountryCode,789829,554465,0.06,CUST238947,SME,Medium,0,DE,GB
Amend,GRC_EndMonth,CustomerID,827810,658731,0.32,CUST103289,SME,Low,1,US,CUST103289
Amend,Credit_Uplift,CountryCode,173598,429673,0.57,CUST238947,Retail,Medium,0,US,US
Amend,Default,IsDefaulted,89727,539780,0.17,CUST712035,Retail,Low,0,US,1
Amend,Fix_Broken_Batch,RiskCategory,293602,505979,0.74,CUST712035,Corporate,Medium,1,DE,High
Amend,GRC_EndMonth,CountryCode,858876,469343,0.5,CUST665428,SME,Low,1,DE,GB
Amend,GRC_EndMonth,CountryCode,205165,749246,0.2,CUST192654,Corporate,Medium,0,GB,DE
Amend,Fix_Broken_Batch,RiskCategory,795283,254662,0.59,CUST665428,Retail,Low,0,GB,High
Amend,Credit_Uplift,CustomerType,21933,261122,0.26,CUST103289,Corporate,Medium,1,GB,Corporate
Amend,Default,CountryCode,340185,615847,0.39,CUST712035,Retail,Medium,0,DE,GB
Amend,Credit_Uplift,RiskCategory,334360,45476,0.38,CUST804231,SME,Low,0,GB,Medium
Amend,GRC_EndMonth,IsDefaulted,101597,122419,0.41,CUST712035,Corporate,Low,0,US,0
Amend,Defaulting_Reclassify,CountryCode,136428,764326,0.9,CUST712035,SME,Medium,0,US,DE
Amend,Default,CustomerType,652337,593915,0.39,CUST238947,Corporate,Low,1,US,SME
Amend,Defaulting_Reclassify,CustomerType,789670,368112,0.74,CUST359147,Retail,High,1,US,SME
Amend,Default,CustomerType,954324,864898,0.72,CUST238947,Corporate,Medium,0,US,Retail
Amend,Credit_Uplift,RiskCategory,687114,529270,0.83,CUST359147,SME,Medium,0,DE,Medium
Amend,Credit_Uplift,CustomerID,457931,602715,0.66,CUST359147,Corporate,Medium,1,GB,CUST450896
Amend,Fix_Broken_Batch,CustomerID,603078,437073,0.82,CUST712035,SME,Medium,0,US,CUST359147
Amend,Credit_Uplift,IsDefaulted,182035,879967,0.88,CUST359147,Retail,High,1,GB,1
Amend,Credit_Uplift,CustomerType,967844,357997,0.98,CUST103289,Corporate,Low,0,DE,SME
Amend,Credit_Uplift,IsDefaulted,861793,168448,0.95,CUST192654,SME,Low,1,US,1
Amend,Fix_Broken_Batch,IsDefaulted,652669,158597,0.49,CUST359147,SME,Medium,0,DE,0
Amend,GRC_EndMonth,CountryCode,385606,764846,0.92,CUST450896,SME,High,1,DE,GB
Amend,GRC_EndMonth,CustomerType,870289,954841,0.25,CUST665428,SME,High,1,US,Retail
Amend,Defaulting_Reclassify,CountryCode,370972,195029,0.96,CUST238947,SME,Low,1,US,GB
Amend,Credit_Uplift,CountryCode,565000,933029,0.24,CUST563201,Retail,Medium,1,GB,DE
Amend,Default,CountryCode,350933,458977,0.25,CUST450896,SME,Low,1,US,US
Amend,GRC_EndMonth,IsDefaulted,661289,18573,0.35,CUST563201,Retail,Low,1,DE,0
Amend,Credit_Uplift,CountryCode,795670,326039,0.46,CUST103289,SME,Low,0,DE,DE
Amend,Default,RiskCategory,993784,130552,0.85,CUST359147,Retail,Low,0,US,Low
Amend,GRC_EndMonth,RiskCategory,473671,890577,0.37,CUST103289,Retail,Medium,1,DE,Low
DERP,Defaulting_Reclassify,CountryCode,517912,540581,0.02,CUST450896,Corporate,High,0,DE,
Amend,Default,CountryCode,897923,760541,0.37,CUST450896,SME,Low,0,US,DE
Amend,Credit_Uplift,CountryCode,987126,815654,0.89,CUST192654,Corporate,Low,0,DE,DE
Amend,Defaulting_Reclassify,CustomerType,645035,389238,0.94,CUST238947,Corporate,Medium,0,US,Retail
DERP,Default,CountryCode,781060,407904,0.76,CUST665428,Corporate,High,1,DE,
DERP,Defaulting_Reclassify,CustomerID,361481,938124,0.47,CUST103289,Corporate,High,0,GB,
Amend,Defaulting_Reclassify,CountryCode,626288,733681,0.95,CUST712035,Corporate,Low,0,GB,DE
Amend,GRC_EndMonth,RiskCategory,218048,838110,0.23,CUST804231,SME,High,1,US,Medium
DERP,Fix_Broken_Batch,RiskCategory,878997,789122,0.93,CUST359147,Corporate,High,1,GB,
Amend,Defaulting_Reclassify,CustomerID,913252,475741,0.55,CUST450896,Corporate,Medium,0,US,CUST103289
Amend,GRC_EndMonth,CustomerID,580655,63260,0.83,CUST359147,SME,Medium,0,GB,CUST981372
Amend,GRC_EndMonth,CountryCode,153464,187147,0.28,CUST238947,Retail,Low,0,US,DE
DERP,Default,CountryCode,408907,185008,0.37,CUST665428,Corporate,High,1,US,
Amend,Defaulting_Reclassify,CustomerID,905441,257159,0.5,CUST712035,Retail,High,0,DE,CUST192654
Amend,Credit_Uplift,CustomerType,300277,340372,0.89,CUST238947,Corporate,Medium,0,DE,Corporate
Amend,Credit_Uplift,RiskCategory,896212,549396,0.86,CUST192654,Retail,Low,0,GB,Medium
Amend,Default,CustomerID,888932,407001,0.09,CUST192654,SME,Medium,1,DE,CUST192654
Amend,Defaulting_Reclassify,IsDefaulted,73274,221300,0.07,CUST665428,Retail,Medium,1,DE,1
Amend,GRC_EndMonth,RiskCategory,192703,908064,0.97,CUST981372,SME,Low,1,DE,Medium
Amend,Credit_Uplift,IsDefaulted,169690,763292,0.28,CUST103289,SME,Medium,1,DE,1
DERP,Defaulting_Reclassify,RiskCategory,564706,557741,0.22,CUST981372,Corporate,High,0,DE,
Amend,Credit_Uplift,CustomerType,626167,151637,0.71,CUST103289,Corporate,Low,1,DE,SME
Amend,Credit_Uplift,CustomerID,392119,963508,0.54,CUST450896,Retail,Low,0,GB,CUST981372
Amend,Defaulting_Reclassify,RiskCategory,233080,513234,0.83,CUST238947,SME,High,0,US,High
Amend,Default,CustomerID,207254,398816,0.64,CUST804231,Corporate,Low,0,US,CUST665428
Amend,Defaulting_Reclassify,RiskCategory,739760,785125,0.0,CUST981372,Corporate,Low,1,US,Low
Amend,Default,RiskCategory,789236,773501,0.1,CUST103289,SME,Low,1,US,Medium
Amend,Default,CustomerID,603491,80273,0.92,CUST103289,SME,Medium,1,GB,CUST712035
Amend,Default,RiskCategory,959837,430319,0.28,CUST103289,SME,High,0,GB,Medium
Amend,Credit_Uplift,CustomerID,311332,312538,0.91,CUST981372,Corporate,Low,1,GB,CUST103289
Amend,GRC_EndMonth,CustomerID,987856,250558,0.13,CUST450896,Retail,Low,1,GB,CUST192654
Amend,Fix_Broken_Batch,RiskCategory,268996,754612,0.4,CUST103289,Retail,Low,1,GB,High
Amend,Default,CustomerType,390129,313008,0.58,CUST103289,SME,Low,0,DE,Corporate
Amend,Fix_Broken_Batch,IsDefaulted,237036,980373,0.18,CUST238947,SME,Medium,0,DE,0
Amend,Fix_Broken_Batch,RiskCategory,779888,811076,0.11,CUST450896,Corporate,Medium,0,US,High
DERP,Fix_Broken_Batch,CustomerType,589510,817685,0.92,CUST238947,Corporate,High,1,DE,
Amend,Credit_Uplift,CustomerID,899640,833560,0.18,CUST359147,Retail,Medium,0,GB,CUST981372
Amend,Default,CustomerType,278479,154797,0.75,CUST103289,Corporate,Medium,0,DE,Corporate
Amend,GRC_EndMonth,CustomerID,422521,978758,0.22,CUST563201,SME,Medium,0,US,CUST804231
Amend,Defaulting_Reclassify,CustomerType,788709,972139,0.74,CUST103289,Retail,High,0,GB,SME
Amend,Fix_Broken_Batch,IsDefaulted,226278,109855,0.28,CUST804231,Corporate,Medium,1,GB,1
Amend,Fix_Broken_Batch,IsDefaulted,62413,362447,0.6,CUST103289,Retail,Low,1,DE,1
Amend,GRC_EndMonth,CustomerType,133047,216934,0.48,CUST563201,Retail,Low,1,GB,Retail
Amend,GRC_EndMonth,CustomerType,74751,320288,0.06,CUST450896,Retail,High,1,US,Retail
Amend,Fix_Broken_Batch,RiskCategory,628477,413764,0.86,CUST981372,SME,High,1,GB,Low
Amend,Default,CustomerType,435091,531124,0.17,CUST192654,SME,Low,1,GB,SME
DERP,GRC_EndMonth,RiskCategory,203594,781577,0.79,CUST665428,Corporate,High,1,GB,
Amend,Defaulting_Reclassify,IsDefaulted,723340,372948,0.37,CUST238947,Retail,High,1,US,0
Amend,Fix_Broken_Batch,IsDefaulted,615198,598428,0.0,CUST665428,Corporate,Medium,1,DE,0
Amend,GRC_EndMonth,CustomerType,306889,296861,0.65,CUST563201,Corporate,Medium,0,GB,SME
Amend,Defaulting_Reclassify,CustomerType,720009,669134,0.28,CUST359147,SME,Medium,1,GB,Retail
Amend,Defaulting_Reclassify,CustomerType,9960,312415,0.08,CUST103289,Corporate,Medium,0,GB,SME
Amend,Defaulting_Reclassify,CustomerType,525190,485779,0.16,CUST359147,Retail,Low,0,US,Corporate
Amend,Fix_Broken_Batch,CustomerID,155857,248422,0.14,CUST359147,SME,Medium,0,GB,CUST665428
DERP,GRC_EndMonth,CustomerType,485268,773169,0.78,CUST103289,Corporate,High,0,GB,
Amend,Fix_Broken_Batch,RiskCategory,176163,487144,0.77,CUST981372,SME,Medium,0,DE,Medium
Amend,Fix_Broken_Batch,CustomerID,924764,928464,0.44,CUST359147,Corporate,Medium,1,GB,CUST563201
Amend,GRC_EndMonth,RiskCategory,61819,560720,0.2,CUST103289,Retail,Medium,1,GB,High
Amend,Defaulting_Reclassify,CountryCode,870752,523566,0.45,CUST712035,SME,Medium,0,DE,GB
Amend,Default,CustomerID,204826,134684,0.67,CUST359147,Retail,High,1,DE,CUST238947
Amend,Credit_Uplift,IsDefaulted,401831,207902,0.07,CUST103289,Corporate,Low,1,DE,1
Amend,Fix_Broken_Batch,CountryCode,531511,48417,0.14,CUST359147,Retail,High,1,DE,DE
Amend,Default,RiskCategory,739313,9166,0.49,CUST563201,Retail,Low,1,US,High
Amend,Credit_Uplift,CustomerID,917701,505538,0.9,CUST563201,SME,Medium,0,GB,CUST804231
Amend,Credit_Uplift,IsDefaulted,10428,681686,0.93,CUST238947,Retail,Medium,0,DE,1
Amend,Credit_Uplift,CountryCode,513228,696141,0.01,CUST103289,SME,High,1,US,DE
Amend,Defaulting_Reclassify,IsDefaulted,543285,870888,0.79,CUST103289,SME,High,0,US,1
Amend,Fix_Broken_Batch,IsDefaulted,449818,697285,0.1,CUST665428,SME,Low,1,DE,1
Amend,GRC_EndMonth,CustomerID,253006,345290,0.53,CUST238947,SME,Medium,1,GB,CUST563201
Amend,Credit_Uplift,CustomerType,227655,838796,0.08,CUST450896,SME,Low,0,DE,SME
Amend,Fix_Broken_Batch,CountryCode,774065,312590,0.13,CUST563201,Retail,Medium,1,DE,GB
Amend,GRC_EndMonth,CustomerID,879730,723524,0.94,CUST712035,Retail,Low,1,GB,CUST450896
Amend,Default,CountryCode,674705,516415,0.24,CUST238947,Retail,Medium,0,DE,US
Amend,GRC_EndMonth,RiskCategory,497900,784009,0.73,CUST563201,Retail,High,1,GB,Medium
Amend,Credit_Uplift,CustomerType,171075,9231,0.85,CUST450896,Corporate,Low,0,US,Retail
Amend,Fix_Broken_Batch,CustomerType,249759,837900,0.33,CUST450896,SME,Medium,0,GB,SME
Amend,Default,RiskCategory,147333,778260,0.15,CUST450896,SME,Low,0,DE,High
DERP,Default,IsDefaulted,71026,914427,0.7,CUST981372,Corporate,High,1,GB,
Amend,GRC_EndMonth,CustomerType,893081,844700,0.38,CUST192654,Retail,Medium,0,US,Retail
Amend,Defaulting_Reclassify,CountryCode,649877,730229,0.52,CUST804231,Retail,High,0,GB,GB
Amend,Default,CustomerType,519955,670904,0.72,CUST238947,SME,Medium,0,GB,Retail
Amend,Defaulting_Reclassify,CustomerID,694307,882535,0.97,CUST450896,Corporate,Medium,0,DE,CUST450896
DERP,GRC_EndMonth,CustomerType,69061,272898,0.65,CUST665428,Corporate,High,1,US,
Amend,GRC_EndMonth,CustomerID,476081,246531,0.3,CUST450896,Retail,High,0,DE,CUST450896
Amend,Fix_Broken_Batch,RiskCategory,419732,566226,0.18,CUST563201,Retail,High,0,US,High
Amend,Default,IsDefaulted,576474,83854,0.63,CUST103289,Retail,Medium,0,US,0
Amend,Default,CustomerID,622337,583218,0.67,CUST450896,SME,High,0,DE,CUST238947
Amend,Default,CustomerType,981679,893153,0.66,CUST804231,Corporate,Low,0,US,Corporate
Amend,Defaulting_Reclassify,CustomerID,206263,115438,0.57,CUST359147,SME,High,1,GB,CUST103289
Amend,GRC_EndMonth,CountryCode,148553,34921,0.92,CUST665428,Corporate,Medium,1,US,GB
Amend,Credit_Uplift,RiskCategory,294453,508859,0.69,CUST981372,Corporate,Medium,1,US,Low
Amend,Fix_Broken_Batch,RiskCategory,445491,53624,0.38,CUST712035,SME,High,0,US,High
Amend,Credit_Uplift,RiskCategory,719867,418533,0.11,CUST238947,SME,Low,1,GB,High
Amend,Fix_Broken_Batch,CustomerType,705096,638298,0.83,CUST192654,SME,Medium,0,DE,Corporate
Amend,GRC_EndMonth,CustomerID,937606,489106,0.32,CUST981372,SME,High,0,DE,CUST981372
Amend,GRC_EndMonth,CountryCode,967061,345694,0.85,CUST103289,SME,Medium,0,DE,GB
Amend,Default,CustomerID,139222,641038,0.59,CUST450896,Retail,Medium,1,GB,CUST665428
Amend,GRC_EndMonth,CustomerID,580011,228573,0.05,CUST238947,Retail,Low,1,GB,CUST450896
DERP,Fix_Broken_Batch,IsDefaulted,983299,131452,0.09,CUST192654,Corporate,High,1,GB,
Amend,Credit_Uplift,CountryCode,750725,531,0.76,CUST103289,SME,Low,0,DE,GB
Amend,Fix_Broken_Batch,CountryCode,516159,260605,0.64,CUST563201,SME,Low,0,US,GB
Amend,Default,CustomerType,410234,691480,0.92,CUST563201,SME,High,1,GB,SME
Amend,Credit_Uplift,IsDefaulted,559567,895467,0.96,CUST981372,SME,Low,1,DE,1
Amend,Credit_Uplift,CustomerType,574581,783536,0.97,CUST192654,Retail,Low,0,DE,Retail
DERP,Defaulting_Reclassify,CountryCode,888,652043,0.68,CUST450896,Corporate,High,0,DE,
Amend,Defaulting_Reclassify,RiskCategory,853880,997265,0.13,CUST359147,SME,Medium,0,US,Medium
Amend,Default,CustomerType,928182,685384,0.63,CUST981372,SME,High,1,GB,Corporate
Amend,Default,CustomerID,85959,156442,0.16,CUST981372,Retail,High,0,GB,CUST359147
Amend,Credit_Uplift,RiskCategory,207503,610032,0.1,CUST103289,Corporate,Low,1,GB,High
Amend,GRC_EndMonth,IsDefaulted,644581,989762,0.45,CUST450896,SME,Medium,0,DE,0
DERP,GRC_EndMonth,RiskCategory,472254,720640,0.47,CUST359147,Corporate,High,0,DE,
Amend,Default,CountryCode,892535,66109,0.32,CUST450896,Retail,Medium,0,US,GB
Amend,Defaulting_Reclassify,IsDefaulted,899229,427741,0.7,CUST981372,SME,Medium,0,DE,0
Amend,Default,RiskCategory,195669,953326,0.76,CUST192654,Retail,Medium,1,US,Medium
Amend,Fix_Broken_Batch,IsDefaulted,950460,92355,0.47,CUST192654,Corporate,Low,1,DE,1
Amend,GRC_EndMonth,RiskCategory,55884,563915,0.48,CUST450896,SME,Low,1,DE,High
Amend,Fix_Broken_Batch,CountryCode,904533,480983,0.44,CUST665428,Corporate,Low,0,GB,US
Amend,Defaulting_Reclassify,IsDefaulted,535539,265655,0.74,CUST238947,SME,High,1,DE,0
Amend,Credit_Uplift,CustomerID,620850,476087,0.94,CUST192654,Corporate,Medium,0,DE,CUST359147
Amend,Credit_Uplift,CustomerType,815651,850271,0.12,CUST804231,Corporate,Low,0,US,Corporate
Amend,Credit_Uplift,CustomerType,812614,775438,0.05,CUST103289,Corporate,Low,0,DE,SME
Amend,GRC_EndMonth,CountryCode,269312,289529,0.42,CUST665428,Retail,Low,0,GB,DE
Amend,Default,RiskCategory,303569,573707,0.59,CUST450896,Retail,Low,0,DE,Medium
Amend,Credit_Uplift,RiskCategory,435696,720109,0.38,CUST192654,SME,Medium,1,GB,High
Amend,Fix_Broken_Batch,CustomerID,166018,293195,0.25,CUST359147,SME,High,1,US,CUST981372
Amend,Fix_Broken_Batch,CountryCode,543236,201277,0.59,CUST981372,Corporate,Medium,0,DE,US
DERP,Defaulting_Reclassify,CustomerID,357702,621778,0.47,CUST192654,Corporate,High,1,GB,
Amend,GRC_EndMonth,IsDefaulted,446841,152417,0.04,CUST665428,Retail,High,1,GB,1
Amend,Credit_Uplift,RiskCategory,290933,371876,0.63,CUST238947,SME,Medium,0,US,Low
Amend,Fix_Broken_Batch,RiskCategory,253064,155964,0.42,CUST192654,Retail,Low,0,GB,Medium
Amend,Default,RiskCategory,752858,496609,0.25,CUST238947,SME,High,1,GB,Medium
Amend,Default,RiskCategory,889187,202453,0.32,CUST665428,SME,Medium,0,GB,Medium
Amend,GRC_EndMonth,IsDefaulted,353655,195973,0.05,CUST103289,SME,Low,1,GB,1
Amend,Default,CustomerID,124571,908599,0.03,CUST563201,SME,Medium,0,GB,CUST712035
Amend,Default,CountryCode,809563,505187,0.08,CUST103289,Corporate,Medium,1,US,US
Amend,Credit_Uplift,IsDefaulted,2051,360438,0.23,CUST712035,Retail,Medium,0,US,0
DERP,Default,CustomerID,301260,600610,0.04,CUST192654,Corporate,High,0,GB,
Amend,GRC_EndMonth,RiskCategory,737887,732598,0.54,CUST712035,Retail,Low,0,GB,High
Amend,Defaulting_Reclassify,RiskCategory,355536,315520,0.41,CUST563201,SME,Low,1,US,Low
Amend,GRC_EndMonth,CountryCode,564667,994844,0.48,CUST103289,SME,Medium,1,DE,GB
DERP,Fix_Broken_Batch,CustomerID,885563,107055,0.39,CUST981372,Corporate,High,1,DE,
Amend,Default,CountryCode,628324,322482,0.92,CUST804231,Retail,Medium,1,DE,DE
Amend,Default,RiskCategory,760617,840905,0.33,CUST712035,Corporate,Low,0,GB,Medium
Amend,Credit_Uplift,RiskCategory,830081,108961,0.21,CUST450896,Retail,Medium,1,US,Medium
Amend,Credit_Uplift,CustomerType,233640,850267,0.18,CUST563201,SME,Low,1,US,SME
Amend,GRC_EndMonth,CountryCode,677088,295276,0.97,CUST103289,Corporate,Medium,1,GB,DE
Amend,Credit_Uplift,CustomerType,852103,33919,0.52,CUST804231,SME,Low,0,US,Corporate
Amend,Fix_Broken_Batch,RiskCategory,618700,279371,0.54,CUST981372,SME,Low,1,DE,High
DERP,GRC_EndMonth,CountryCode,943467,85970,0.34,CUST103289,Corporate,High,0,DE,
Amend,GRC_EndMonth,CustomerType,771980,514338,0.99,CUST981372,Retail,High,1,DE,SME
Amend,Fix_Broken_Batch,CustomerID,756494,835947,0.77,CUST192654,SME,Low,1,DE,CUST103289
Amend,Fix_Broken_Batch,RiskCategory,857753,526721,0.7,CUST450896,SME,High,1,DE,Medium
Amend,GRC_EndMonth,CustomerID,869289,710621,0.76,CUST359147,Retail,Low,0,DE,CUST665428
Amend,Credit_Uplift,CustomerType,701250,582823,0.55,CUST238947,Retail,Low,1,US,Corporate
DERP,Fix_Broken_Batch,RiskCategory,926235,403389,0.23,CUST192654,Corporate,High,1,US,
Amend,Credit_Uplift,CustomerID,808142,100312,0.7,CUST359147,SME,Medium,1,DE,CUST450896
DERP,Defaulting_Reclassify,CustomerID,993960,92854,0.1,CUST981372,Corporate,High,1,US,
Amend,GRC_EndMonth,IsDefaulted,325565,926284,0.11,CUST981372,Corporate,Low,1,GB,0
DERP,Default,CustomerType,644672,991467,0.84,CUST665428,Corporate,High,0,US,
Amend,Default,CountryCode,504820,891718,0.88,CUST563201,SME,Low,1,DE,DE
Amend,Default,CustomerID,181974,768553,0.38,CUST192654,Retail,Low,0,US,CUST712035
Amend,Fix_Broken_Batch,CustomerType,859059,654981,0.68,CUST192654,SME,High,1,US,Retail
Amend,Defaulting_Reclassify,RiskCategory,946314,839391,0.77,CUST450896,Retail,High,0,DE,Medium
Amend,Fix_Broken_Batch,IsDefaulted,833763,954543,0.23,CUST103289,Retail,Low,0,US,0
Amend,GRC_EndMonth,RiskCategory,167379,711684,0.16,CUST238947,SME,Medium,1,DE,Low
Amend,GRC_EndMonth,CustomerType,888519,512919,0.39,CUST192654,SME,Medium,1,US,Corporate
Amend,Credit_Uplift,CustomerType,95869,404787,0.96,CUST804231,Corporate,Low,1,DE,SME
Amend,GRC_EndMonth,RiskCategory,85086,974648,0.27,CUST712035,Retail,High,1,DE,Medium
Amend,GRC_EndMonth,RiskCategory,621571,10908,0.43,CUST450896,Retail,High,0,DE,Medium
Amend,GRC_EndMonth,CountryCode,804713,608428,0.87,CUST804231,SME,High,0,DE,DE
Amend,Credit_Uplift,CustomerID,800042,925687,0.86,CUST192654,Retail,High,0,US,CUST192654
Amend,Fix_Broken_Batch,IsDefaulted,831520,861268,0.95,CUST103289,SME,High,1,US,0
Amend,Credit_Uplift,CustomerType,534678,695646,0.09,CUST103289,Corporate,Medium,0,US,Corporate
DERP,Credit_Uplift,CustomerID,207276,477415,0.22,CUST712035,Corporate,High,0,GB,
Amend,Fix_Broken_Batch,CountryCode,121440,564796,0.67,CUST103289,Retail,Medium,1,US,DE
Amend,GRC_EndMonth,CustomerType,453790,928210,0.14,CUST359147,SME,Low,0,GB,Corporate
Amend,Fix_Broken_Batch,CustomerID,23111,549529,0.58,CUST192654,SME,Low,1,US,CUST712035
Amend,Credit_Uplift,IsDefaulted,432985,309821,0.3,CUST804231,Retail,Medium,0,US,1
Amend,GRC_EndMonth,CustomerID,611244,666276,0.76,CUST359147,Retail,High,1,DE,CUST563201
DERP,Fix_Broken_Batch,CustomerType,927000,234514,0.86,CUST563201,Corporate,High,0,US,
Amend,Defaulting_Reclassify,CountryCode,454982,999035,0.46,CUST804231,SME,Low,1,US,GB
Amend,Default,IsDefaulted,18370,809424,0.93,CUST981372,Corporate,Medium,1,US,0
DERP,Fix_Broken_Batch,IsDefaulted,655615,939231,0.52,CUST450896,Corporate,High,1,US,
Amend,GRC_EndMonth,CustomerType,271879,673975,0.74,CUST804231,Corporate,Low,0,DE,Corporate
Amend,Credit_Uplift,RiskCategory,810758,781502,0.24,CUST359147,SME,Medium,0,DE,High
Amend,Fix_Broken_Batch,RiskCategory,745489,967943,0.27,CUST804231,SME,High,1,GB,Medium
Amend,Credit_Uplift,IsDefaulted,187079,184731,0.02,CUST804231,Retail,Medium,0,DE,1
Amend,Credit_Uplift,CustomerType,915029,55818,0.73,CUST563201,Corporate,Medium,0,US,Retail
Amend,Fix_Broken_Batch,CustomerType,414046,390783,0.21,CUST103289,Corporate,Medium,0,DE,Corporate
Amend,Fix_Broken_Batch,RiskCategory,503495,772899,0.21,CUST192654,Retail,Low,0,US,High
Amend,Defaulting_Reclassify,CountryCode,281004,406771,0.22,CUST103289,Retail,Medium,1,GB,GB
Amend,Default,CustomerID,476066,935355,0.94,CUST103289,SME,Low,1,DE,CUST712035
Amend,Default,CustomerID,570726,313514,0.82,CUST359147,Corporate,Low,0,GB,CUST981372
Amend,Credit_Uplift,RiskCategory,236998,396211,0.23,CUST192654,Retail,Low,0,US,Medium
Amend,Fix_Broken_Batch,IsDefaulted,412894,279684,0.23,CUST192654,Retail,Medium,1,US,0
Amend,Fix_Broken_Batch,CustomerID,458036,178939,0.65,CUST103289,SME,Medium,0,DE,CUST238947
Amend,Fix_Broken_Batch,CountryCode,560806,671019,0.95,CUST238947,SME,Medium,1,DE,GB
Amend,Fix_Broken_Batch,IsDefaulted,909946,800835,0.13,CUST359147,Corporate,Medium,1,GB,0
Amend,Fix_Broken_Batch,CustomerType,603891,225751,0.06,CUST192654,SME,Medium,0,GB,SME
Amend,GRC_EndMonth,IsDefaulted,603311,488306,0.31,CUST712035,Corporate,Low,0,US,1
Amend,GRC_EndMonth,RiskCategory,162855,233985,0.94,CUST665428,Retail,High,0,US,High
Amend,Default,CountryCode,359730,475759,0.28,CUST665428,Retail,Low,0,GB,DE
Amend,Default,CustomerID,101855,504359,0.59,CUST450896,SME,Low,0,DE,CUST359147
Amend,Defaulting_Reclassify,CountryCode,601320,804639,0.23,CUST103289,Retail,High,1,DE,GB
Amend,Default,RiskCategory,580965,99069,0.95,CUST804231,Corporate,Medium,1,DE,High
Amend,Default,CustomerID,263781,647571,0.34,CUST359147,SME,Low,0,US,CUST563201
Amend,Defaulting_Reclassify,CustomerType,366296,989101,0.04,CUST981372,SME,Medium,1,US,Retail
DERP,Defaulting_Reclassify,CountryCode,510423,98546,0.34,CUST359147,Corporate,High,0,US,
Amend,Defaulting_Reclassify,RiskCategory,165457,335828,0.65,CUST981372,Corporate,Low,0,US,Low
Amend,GRC_EndMonth,CustomerType,622148,428678,0.55,CUST103289,SME,Medium,1,US,Corporate
Amend,GRC_EndMonth,IsDefaulted,196655,896884,0.9,CUST192654,Corporate,Medium,1,DE,1
Amend,Credit_Uplift,RiskCategory,666075,642563,0.89,CUST192654,Corporate,Low,1,US,Low
Amend,Default,CountryCode,314714,268417,0.56,CUST450896,SME,High,1,GB,DE
Amend,Default,CustomerType,296396,282144,0.79,CUST804231,Retail,High,1,DE,SME
Amend,Credit_Uplift,CustomerID,554536,575163,0.65,CUST981372,Retail,Low,1,DE,CUST192654
DERP,Defaulting_Reclassify,CustomerType,201486,156100,0.94,CUST563201,Corporate,High,1,US,
DERP,Fix_Broken_Batch,CustomerID,926168,216250,0.24,CUST665428,Corporate,High,1,DE,
Amend,Fix_Broken_Batch,RiskCategory,871838,186232,0.28,CUST450896,SME,Medium,1,US,High
Amend,Default,CountryCode,806379,944527,0.69,CUST359147,SME,Medium,0,GB,DE
DERP,GRC_EndMonth,CountryCode,989188,546534,0.54,CUST238947,Corporate,High,0,GB,
DERP,GRC_EndMonth,CountryCode,436908,384255,0.06,CUST359147,Corporate,High,0,DE,
Amend,Default,CountryCode,986314,440925,0.09,CUST712035,Corporate,Medium,0,DE,DE
Amend,Default,CountryCode,494812,890466,0.39,CUST192654,Corporate,Low,0,DE,DE
Amend,Defaulting_Reclassify,CountryCode,755925,570025,0.62,CUST665428,SME,Medium,0,DE,GB
Amend,Credit_Uplift,IsDefaulted,576904,843973,0.4,CUST712035,SME,Medium,1,US,1
Amend,Fix_Broken_Batch,IsDefaulted,297203,405748,0.43,CUST563201,Corporate,Medium,1,DE,1
Amend,GRC_EndMonth,IsDefaulted,454070,362222,0.86,CUST712035,Retail,Medium,1,US,1
Amend,GRC_EndMonth,CountryCode,20939,392823,0.8,CUST981372,Retail,High,0,US,GB
Amend,Default,RiskCategory,352641,439032,0.47,CUST981372,Retail,High,0,DE,High
Amend,Defaulting_Reclassify,CountryCode,775094,173544,0.54,CUST665428,Retail,High,1,GB,US
Amend,Credit_Uplift,RiskCategory,349337,869869,0.94,CUST192654,Corporate,Low,1,US,Low
Amend,Fix_Broken_Batch,IsDefaulted,75423,53798,0.08,CUST359147,SME,Medium,1,GB,0
Amend,Defaulting_Reclassify,CustomerType,98262,96623,0.48,CUST563201,Retail,High,1,DE,Retail
Amend,Default,CustomerID,920025,989308,0.66,CUST981372,Retail,Medium,1,DE,CUST192654
Amend,Credit_Uplift,CustomerType,221594,310221,0.62,CUST103289,Corporate,Low,0,GB,Retail
Amend,Defaulting_Reclassify,CustomerType,509526,429155,0.31,CUST665428,Retail,Low,1,GB,Corporate
Amend,Credit_Uplift,CustomerID,385325,126442,0.84,CUST665428,Retail,High,0,US,CUST238947
Amend,Default,CustomerID,836393,101353,0.18,CUST103289,Corporate,Medium,0,GB,CUST804231
DERP,Default,CustomerID,750580,576447,0.38,CUST804231,Corporate,High,1,US,
Amend,Default,CountryCode,586654,675237,0.28,CUST665428,SME,Medium,1,DE,DE
Amend,Credit_Uplift,CustomerID,578088,91621,0.73,CUST450896,SME,Low,0,DE,CUST359147
Amend,Credit_Uplift,CustomerID,581196,463317,0.11,CUST103289,Retail,High,1,GB,CUST665428
Amend,GRC_EndMonth,RiskCategory,319285,787484,0.28,CUST981372,Corporate,Medium,0,GB,Low
Amend,Credit_Uplift,RiskCategory,303405,817868,0.01,CUST563201,Corporate,Low,1,DE,High
Amend,Credit_Uplift,RiskCategory,586086,419389,0.04,CUST450896,Retail,Low,0,GB,High
Amend,GRC_EndMonth,RiskCategory,878486,130988,0.46,CUST804231,SME,Low,1,DE,High
Amend,Credit_Uplift,IsDefaulted,521474,908899,0.24,CUST450896,Retail,High,1,DE,1
Amend,Defaulting_Reclassify,CountryCode,321977,723745,0.69,CUST804231,Retail,High,1,GB,GB
DERP,Credit_Uplift,RiskCategory,346229,921893,0.85,CUST712035,Corporate,High,1,US,
DERP,Credit_Uplift,IsDefaulted,8907,385583,0.73,CUST450896,Corporate,High,0,DE,
Amend,Credit_Uplift,IsDefaulted,167605,122540,0.14,CUST981372,SME,High,0,US,1
Amend,Default,CustomerID,549162,274320,0.36,CUST192654,SME,High,1,GB,CUST712035
Amend,GRC_EndMonth,CustomerID,19834,788928,0.16,CUST665428,Retail,Medium,1,DE,CUST665428
Amend,Credit_Uplift,IsDefaulted,514663,553356,0.62,CUST359147,Retail,High,1,GB,0
Amend,GRC_EndMonth,CustomerID,988633,819055,0.62,CUST359147,Retail,High,0,DE,CUST665428
Amend,Defaulting_Reclassify,CountryCode,500815,887088,0.46,CUST712035,Retail,High,1,GB,DE
DERP,Fix_Broken_Batch,RiskCategory,16182,239415,0.3,CUST712035,Corporate,High,0,GB,
Amend,Fix_Broken_Batch,CountryCode,677363,504513,0.64,CUST359147,Corporate,Medium,1,DE,GB
Amend,Defaulting_Reclassify,CustomerID,659494,92225,0.23,CUST981372,Retail,Medium,1,US,CUST981372
Amend,Defaulting_Reclassify,RiskCategory,268474,9548,0.71,CUST359147,SME,Low,1,US,Medium
Amend,Fix_Broken_Batch,CustomerID,226813,131909,0.94,CUST665428,Retail,Medium,1,US,CUST563201
Amend,Defaulting_Reclassify,CustomerID,800770,303324,0.29,CUST563201,SME,Medium,1,DE,CUST103289
Amend,Fix_Broken_Batch,CountryCode,358673,983293,0.72,CUST981372,Corporate,Medium,0,US,GB
Amend,Credit_Uplift,CountryCode,49304,895602,0.2,CUST563201,SME,Low,0,DE,US
Amend,Default,RiskCategory,257003,518980,0.36,CUST665428,Corporate,Medium,1,DE,Low
Amend,Default,CustomerType,917291,134665,0.08,CUST712035,Retail,Low,0,DE,Corporate
Amend,GRC_EndMonth,CustomerType,848665,741730,0.67,CUST192654,Retail,Medium,1,DE,Retail
Amend,Credit_Uplift,CustomerType,209560,540760,0.19,CUST981372,Corporate,Low,0,GB,SME
Amend,Defaulting_Reclassify,CountryCode,37383,94445,0.1,CUST359147,Corporate,Low,0,US,US
Amend,Default,RiskCategory,526337,498441,0.77,CUST804231,Corporate,Medium,1,GB,High
Amend,Fix_Broken_Batch,CustomerID,832977,20733,0.96,CUST450896,Retail,Low,0,US,CUST238947
Amend,Credit_Uplift,CustomerID,259973,542580,0.09,CUST238947,Retail,High,0,DE,CUST981372
Amend,Credit_Uplift,CustomerType,141128,565221,0.62,CUST359147,SME,High,0,DE,Corporate
Amend,Defaulting_Reclassify,CustomerID,658154,918331,0.45,CUST238947,SME,High,1,DE,CUST665428
Amend,Defaulting_Reclassify,CountryCode,545857,445530,0.74,CUST712035,SME,Medium,1,GB,US
Amend,Defaulting_Reclassify,CountryCode,495748,593519,0.24,CUST665428,Retail,Medium,0,DE,GB
Amend,GRC_EndMonth,IsDefaulted,295146,763316,0.46,CUST712035,Retail,Medium,0,DE,1
Amend,Credit_Uplift,RiskCategory,37699,383107,0.52,CUST192654,Retail,High,0,DE,Medium
Amend,Fix_Broken_Batch,RiskCategory,351012,621325,0.9,CUST665428,Retail,Medium,0,US,High
Amend,Fix_Broken_Batch,CustomerID,738117,860381,0.24,CUST238947,Retail,High,1,US,CUST359147
Amend,Default,CountryCode,329073,183859,0.56,CUST981372,Corporate,Low,0,GB,US
Amend,Credit_Uplift,CustomerType,559013,114755,0.75,CUST665428,SME,Low,0,US,Retail
Amend,Default,CountryCode,176263,662102,0.72,CUST450896,Retail,Medium,1,GB,DE
Amend,Credit_Uplift,IsDefaulted,964504,17551,0.69,CUST712035,Corporate,Low,1,DE,1
Amend,Defaulting_Reclassify,CustomerID,716098,478073,0.56,CUST665428,SME,High,0,GB,CUST359147
Amend,GRC_EndMonth,CountryCode,544442,379823,0.51,CUST238947,SME,Medium,0,GB,DE
Amend,Credit_Uplift,RiskCategory,900643,790550,0.64,CUST981372,Corporate,Medium,0,DE,Medium
Amend,Defaulting_Reclassify,CustomerID,94684,709017,0.11,CUST665428,SME,Low,0,GB,CUST192654
Amend,Default,CustomerType,272367,372726,0.66,CUST192654,Retail,Medium,1,DE,Retail
Amend,GRC_EndMonth,IsDefaulted,640753,420902,0.12,CUST665428,Retail,Medium,1,US,0
Amend,Credit_Uplift,CustomerID,949069,197811,0.08,CUST103289,Corporate,Medium,1,GB,CUST103289
Amend,Default,CountryCode,140700,591722,0.0,CUST981372,Retail,Medium,0,US,US
Amend,GRC_EndMonth,CountryCode,844613,214309,0.0,CUST192654,SME,High,1,DE,DE
Amend,Fix_Broken_Batch,CountryCode,457037,163944,0.21,CUST103289,Retail,High,0,US,US
Amend,Fix_Broken_Batch,IsDefaulted,345835,381745,0.2,CUST238947,Corporate,Medium,1,DE,0
Amend,GRC_EndMonth,IsDefaulted,245457,715407,0.63,CUST712035,Retail,Medium,0,GB,0
Amend,Defaulting_Reclassify,RiskCategory,244540,644557,0.49,CUST103289,Corporate,Medium,1,GB,High
Amend,GRC_EndMonth,IsDefaulted,208518,539677,0.94,CUST665428,Retail,High,0,GB,0
Amend,Default,CustomerType,572314,30043,0.97,CUST450896,Retail,High,1,GB,Retail
Amend,Fix_Broken_Batch,CountryCode,181373,256722,0.28,CUST103289,SME,High,1,DE,GB
Amend,Defaulting_Reclassify,IsDefaulted,826633,653463,0.63,CUST563201,Retail,Medium,0,DE,0
Amend,Default,CountryCode,136979,38329,0.52,CUST103289,Corporate,Low,0,US,GB
Amend,Default,IsDefaulted,268947,236196,0.62,CUST981372,Corporate,Medium,0,US,0
Amend,Fix_Broken_Batch,IsDefaulted,308548,225438,0.02,CUST238947,SME,High,0,DE,0
Amend,Credit_Uplift,CustomerID,44463,236879,0.05,CUST192654,SME,Low,0,DE,CUST359147
Amend,GRC_EndMonth,RiskCategory,605811,900442,0.61,CUST712035,Retail,Low,1,GB,Low
Amend,GRC_EndMonth,RiskCategory,716894,245841,0.49,CUST359147,SME,High,1,DE,Medium
Amend,Credit_Uplift,CustomerType,298896,242948,0.52,CUST359147,SME,Low,0,GB,Corporate
DERP,Defaulting_Reclassify,CustomerType,432328,262610,0.35,CUST804231,Corporate,High,0,US,
Amend,GRC_EndMonth,RiskCategory,304324,374857,0.43,CUST359147,Retail,Medium,0,GB,Low
Amend,Fix_Broken_Batch,CustomerID,871198,319320,0.34,CUST665428,Corporate,Medium,0,US,CUST804231
Amend,GRC_EndMonth,CustomerID,975403,184081,0.12,CUST359147,SME,Medium,0,GB,CUST563201
Amend,Default,CountryCode,629590,925354,0.82,CUST192654,SME,Medium,0,US,GB
Amend,Credit_Uplift,CustomerID,459987,134233,0.96,CUST450896,Retail,Medium,1,GB,CUST804231
Amend,Defaulting_Reclassify,RiskCategory,666124,898762,0.78,CUST804231,SME,High,1,DE,Medium
Amend,Default,CustomerID,606062,416979,0.75,CUST238947,SME,Low,1,US,CUST359147
DERP,Credit_Uplift,CountryCode,13395,322675,0.79,CUST804231,Corporate,High,1,US,
Amend,Default,CustomerID,960851,431182,0.44,CUST192654,SME,Low,1,DE,CUST804231
Amend,Defaulting_Reclassify,RiskCategory,254680,521737,0.42,CUST712035,SME,Medium,0,DE,High
Amend,Default,CustomerType,116702,311206,0.62,CUST563201,Retail,Low,0,US,Corporate
Amend,GRC_EndMonth,CountryCode,36394,564285,0.71,CUST192654,Retail,Low,1,DE,DE
Amend,Fix_Broken_Batch,IsDefaulted,290774,824797,0.47,CUST359147,Corporate,Medium,1,DE,1
Amend,Fix_Broken_Batch,IsDefaulted,739713,149037,0.9,CUST238947,Corporate,Low,0,DE,1
Amend,Default,CustomerID,913198,627697,0.84,CUST563201,Retail,Low,0,DE,CUST450896
DERP,Credit_Uplift,CustomerID,74887,949613,0.86,CUST103289,Corporate,High,1,DE,
Amend,Credit_Uplift,RiskCategory,407229,724678,0.0,CUST450896,Retail,Low,1,US,Medium
Amend,Credit_Uplift,CustomerType,597171,983586,0.8,CUST563201,SME,Medium,1,GB,Corporate
Amend,GRC_EndMonth,RiskCategory,997395,707097,0.35,CUST192654,SME,High,0,GB,Medium
Amend,Defaulting_Reclassify,CustomerType,150607,899057,0.4,CUST804231,Retail,Low,1,US,Retail
Amend,GRC_EndMonth,CustomerID,39168,302773,0.59,CUST192654,Corporate,Low,1,DE,CUST981372
Amend,Defaulting_Reclassify,RiskCategory,913142,870129,0.27,CUST804231,Corporate,Medium,0,DE,Low
Amend,Default,CustomerID,857259,201383,0.72,CUST804231,Corporate,Medium,0,DE,CUST712035
Amend,Defaulting_Reclassify,CustomerID,244038,213180,0.51,CUST103289,Retail,High,0,DE,CUST665428
Amend,Credit_Uplift,CustomerID,543113,29677,0.19,CUST981372,SME,High,1,DE,CUST712035
Amend,GRC_EndMonth,IsDefaulted,398151,423580,0.88,CUST804231,SME,Low,0,US,1
Amend,GRC_EndMonth,CountryCode,999886,198550,0.89,CUST103289,Retail,Low,0,US,US
Amend,Default,RiskCategory,181985,359590,0.51,CUST192654,Corporate,Medium,0,DE,Low
Amend,Defaulting_Reclassify,CountryCode,699467,30234,0.07,CUST192654,SME,Medium,0,US,US
Amend,Defaulting_Reclassify,CustomerID,686507,484796,0.34,CUST804231,Retail,Medium,0,DE,CUST238947
Amend,GRC_EndMonth,IsDefaulted,842989,990885,0.6,CUST563201,SME,Medium,0,GB,0
Amend,GRC_EndMonth,RiskCategory,915738,137680,0.49,CUST192654,SME,Medium,0,GB,Low
Amend,Fix_Broken_Batch,CountryCode,831357,39711,0.78,CUST804231,Corporate,Medium,0,GB,DE
Amend,GRC_EndMonth,IsDefaulted,352680,325963,0.04,CUST712035,Retail,Medium,1,DE,0
Amend,Credit_Uplift,IsDefaulted,107746,859482,0.33,CUST712035,SME,Low,1,US,1
Amend,GRC_EndMonth,CustomerType,627642,394250,0.31,CUST981372,Retail,Low,0,US,SME
DERP,Fix_Broken_Batch,IsDefaulted,991295,460190,0.79,CUST804231,Corporate,High,1,US,
Amend,Default,RiskCategory,703359,125235,0.96,CUST981372,Corporate,Low,1,DE,Medium
Amend,GRC_EndMonth,RiskCategory,876567,421534,0.08,CUST665428,SME,Medium,1,GB,Medium
Amend,Defaulting_Reclassify,CountryCode,569135,569472,0.02,CUST238947,Retail,Low,0,DE,US
Amend,Defaulting_Reclassify,CountryCode,852664,319852,0.79,CUST981372,Retail,Medium,0,GB,US
Amend,GRC_EndMonth,CustomerType,21730,881765,0.43,CUST563201,Corporate,Low,1,US,SME
Amend,Fix_Broken_Batch,CountryCode,487183,819874,0.64,CUST712035,Corporate,Medium,0,GB,DE
Amend,Defaulting_Reclassify,CustomerType,250308,479133,0.93,CUST450896,Retail,High,1,US,Corporate
Amend,GRC_EndMonth,CustomerType,535407,315405,0.18,CUST712035,Corporate,Medium,1,US,Corporate
DERP,Fix_Broken_Batch,CustomerID,567387,507828,0.9,CUST981372,Corporate,High,1,GB,
Amend,Defaulting_Reclassify,CustomerType,650301,425885,0.82,CUST712035,Corporate,Medium,0,GB,Corporate
Amend,GRC_EndMonth,CountryCode,223869,57053,0.35,CUST103289,SME,Low,0,GB,GB
Amend,Defaulting_Reclassify,CustomerID,617862,335040,0.34,CUST981372,Retail,Medium,0,DE,CUST192654
Amend,GRC_EndMonth,CountryCode,550626,371383,0.09,CUST981372,SME,Low,0,DE,US
DERP,Fix_Broken_Batch,IsDefaulted,263017,892106,0.34,CUST563201,Corporate,High,0,US,
Amend,Credit_Uplift,CountryCode,43056,412765,0.36,CUST359147,SME,High,1,DE,US
Amend,Defaulting_Reclassify,CustomerType,692156,119472,0.08,CUST450896,SME,High,1,US,Corporate
Amend,GRC_EndMonth,CustomerType,141950,189183,0.97,CUST359147,Retail,Medium,1,US,Corporate
Amend,Credit_Uplift,CustomerType,618673,370408,0.49,CUST192654,Retail,Medium,1,US,Corporate
DERP,Default,CustomerID,450472,667430,0.74,CUST103289,Corporate,High,0,GB,
Amend,Default,CustomerID,371365,4632,0.24,CUST192654,Corporate,Medium,0,US,CUST359147
Amend,Credit_Uplift,CustomerType,618862,350436,0.6,CUST981372,Corporate,Low,1,US,Retail
Amend,GRC_EndMonth,CustomerID,956502,826483,0.51,CUST981372,Retail,Medium,1,DE,CUST238947
Amend,Defaulting_Reclassify,IsDefaulted,145334,283156,0.88,CUST238947,SME,High,0,US,0
Amend,Defaulting_Reclassify,CustomerID,114892,238788,0.72,CUST665428,SME,Low,0,US,CUST712035
Amend,Defaulting_Reclassify,CountryCode,941430,679532,0.06,CUST238947,Corporate,Medium,0,GB,US
Amend,Default,IsDefaulted,944676,738141,0.88,CUST563201,Retail,Medium,0,GB,1
Amend,Default,CustomerID,877754,104634,0.64,CUST103289,SME,Medium,1,GB,CUST665428
Amend,Default,RiskCategory,831706,567397,0.6,CUST712035,Corporate,Low,1,GB,Medium
Amend,Fix_Broken_Batch,IsDefaulted,264549,433025,0.65,CUST665428,Retail,High,1,GB,1
Amend,Fix_Broken_Batch,CustomerType,181396,223063,0.53,CUST981372,Corporate,Low,1,US,SME
Amend,Defaulting_Reclassify,CustomerType,331070,226187,0.65,CUST563201,Retail,Low,0,DE,Corporate
Amend,Defaulting_Reclassify,IsDefaulted,135133,663787,0.21,CUST981372,Retail,High,1,GB,0
Amend,Credit_Uplift,CustomerType,202963,57750,0.7,CUST238947,SME,High,0,GB,SME
Amend,Credit_Uplift,RiskCategory,947000,66743,0.76,CUST238947,Retail,Medium,1,DE,Medium
Amend,GRC_EndMonth,IsDefaulted,5393,910022,0.66,CUST804231,SME,Low,0,US,1
Amend,Fix_Broken_Batch,RiskCategory,127574,124217,0.91,CUST359147,Retail,Low,0,DE,Medium
Amend,Defaulting_Reclassify,CustomerID,289026,678658,0.29,CUST563201,Corporate,Medium,0,US,CUST192654
Amend,Defaulting_Reclassify,CustomerID,404703,347351,0.49,CUST712035,SME,Low,1,DE,CUST981372
DERP,Defaulting_Reclassify,CustomerType,141828,956787,0.82,CUST804231,Corporate,High,0,GB,
Amend,Default,CustomerType,244785,397811,0.32,CUST665428,Retail,Medium,1,DE,SME
Amend,Credit_Uplift,IsDefaulted,532348,918173,0.3,CUST804231,Retail,Low,0,US,0
Amend,GRC_EndMonth,CustomerType,966188,116803,0.3,CUST192654,Corporate,Low,0,US,Retail
Amend,Credit_Uplift,CustomerType,21507,726086,0.43,CUST981372,Corporate,Medium,1,DE,SME
Amend,Credit_Uplift,IsDefaulted,119715,815196,0.11,CUST804231,SME,Medium,0,US,0
Amend,Defaulting_Reclassify,RiskCategory,304223,378373,0.12,CUST804231,Retail,Low,1,DE,Medium
Amend,GRC_EndMonth,CustomerType,115301,469093,0.66,CUST563201,SME,Medium,1,GB,Retail
DERP,Fix_Broken_Batch,CustomerID,504147,41407,0.58,CUST238947,Corporate,High,0,DE,
Amend,Fix_Broken_Batch,CountryCode,253277,728524,0.99,CUST450896,SME,Medium,0,GB,GB
Amend,Fix_Broken_Batch,CountryCode,357358,445609,0.68,CUST981372,SME,Medium,1,DE,DE
Amend,GRC_EndMonth,IsDefaulted,631448,323118,0.63,CUST103289,Corporate,Low,0,GB,1
DERP,Fix_Broken_Batch,CustomerID,170940,580288,0.69,CUST712035,Corporate,High,1,DE,
Amend,GRC_EndMonth,CountryCode,487293,718364,0.59,CUST712035,Corporate,Low,0,GB,GB
DERP,Credit_Uplift,IsDefaulted,904876,541654,0.63,CUST103289,Corporate,High,0,US,
Amend,Default,CountryCode,192754,957569,0.72,CUST192654,Retail,High,0,US,GB
Amend,Fix_Broken_Batch,CustomerType,110440,615513,0.79,CUST712035,SME,Medium,1,US,Retail
Amend,Default,CountryCode,154633,157024,0.18,CUST665428,Corporate,Low,1,GB,GB
Amend,Credit_Uplift,IsDefaulted,812171,709006,0.75,CUST192654,Retail,High,0,DE,0
Amend,Fix_Broken_Batch,CountryCode,890866,74775,0.31,CUST712035,Corporate,Medium,1,DE,DE
Amend,Default,CountryCode,385736,865683,0.01,CUST359147,Corporate,Low,0,GB,US
Amend,GRC_EndMonth,IsDefaulted,103248,904727,0.63,CUST563201,Retail,Medium,0,US,0
Amend,Default,RiskCategory,178134,763656,0.48,CUST804231,SME,Low,1,GB,Medium
Amend,Fix_Broken_Batch,RiskCategory,601871,999746,0.28,CUST712035,Corporate,Medium,1,US,High
Amend,Default,IsDefaulted,877485,825632,0.73,CUST238947,SME,High,0,GB,1
Amend,Default,CustomerID,605496,747310,0.23,CUST450896,Retail,High,1,GB,CUST103289
Amend,GRC_EndMonth,IsDefaulted,922238,261249,0.13,CUST238947,Retail,Medium,1,DE,0
Amend,Credit_Uplift,RiskCategory,161556,519705,0.85,CUST804231,SME,High,1,US,Medium
Amend,Default,IsDefaulted,331280,379512,0.46,CUST192654,SME,Low,1,GB,1
Amend,Defaulting_Reclassify,RiskCategory,227069,980306,0.11,CUST563201,Corporate,Medium,1,DE,Low
Amend,Defaulting_Reclassify,CustomerType,471630,525312,0.53,CUST450896,Retail,High,0,GB,Corporate
Amend,GRC_EndMonth,CustomerType,382475,527133,0.09,CUST450896,Retail,Medium,1,DE,Corporate
Amend,Defaulting_Reclassify,CustomerType,297057,896545,0.93,CUST238947,SME,High,0,US,Corporate
Amend,Credit_Uplift,CustomerID,56301,720053,0.15,CUST804231,Retail,Medium,0,US,CUST450896
Amend,Default,CustomerType,816981,503399,0.37,CUST981372,Corporate,Low,0,US,Retail
Amend,Credit_Uplift,CustomerType,795839,140960,0.98,CUST981372,SME,High,0,DE,Corporate
Amend,GRC_EndMonth,CountryCode,748797,533853,0.55,CUST192654,SME,High,1,DE,GB
Amend,Default,CountryCode,17812,78202,0.28,CUST359147,Retail,Low,0,US,US
Amend,Fix_Broken_Batch,CustomerID,790828,144300,0.35,CUST981372,Retail,Low,0,US,CUST665428
Amend,Fix_Broken_Batch,CustomerID,886466,831641,0.35,CUST665428,Corporate,Medium,0,GB,CUST804231
Amend,GRC_EndMonth,IsDefaulted,225054,441908,0.85,CUST450896,Corporate,Medium,1,US,0
Amend,Credit_Uplift,IsDefaulted,510022,249769,0.34,CUST665428,SME,High,1,US,1
Amend,Defaulting_Reclassify,CustomerID,404882,645935,0.63,CUST981372,Corporate,Medium,1,US,CUST665428
Amend,Fix_Broken_Batch,CountryCode,201443,684817,0.78,CUST192654,SME,Low,1,US,GB
Amend,GRC_EndMonth,CustomerType,922836,170117,0.43,CUST712035,Retail,Low,1,DE,SME
Amend,Fix_Broken_Batch,RiskCategory,369282,480873,0.63,CUST665428,Retail,Low,1,US,Medium
Amend,Default,IsDefaulted,744397,804576,0.71,CUST712035,SME,Low,1,DE,1
Amend,GRC_EndMonth,IsDefaulted,88455,964800,0.27,CUST804231,Retail,High,0,DE,1
Amend,Fix_Broken_Batch,CountryCode,896362,493370,0.34,CUST563201,Retail,Medium,1,US,GB
DERP,Defaulting_Reclassify,IsDefaulted,962716,586618,0.77,CUST192654,Corporate,High,1,US,
Amend,Credit_Uplift,CountryCode,96497,768549,0.61,CUST665428,Corporate,Low,0,US,DE
DERP,Default,CountryCode,231281,712860,0.17,CUST238947,Corporate,High,1,DE,
Amend,Credit_Uplift,RiskCategory,516963,631356,0.0,CUST103289,SME,Medium,1,US,Medium
Amend,GRC_EndMonth,RiskCategory,275961,853413,0.95,CUST665428,SME,Low,0,GB,High
Amend,GRC_EndMonth,CountryCode,640586,348913,0.79,CUST450896,Corporate,Medium,1,DE,US
Amend,Defaulting_Reclassify,IsDefaulted,426352,428649,0.42,CUST981372,Retail,Medium,0,GB,1
DERP,Fix_Broken_Batch,IsDefaulted,774902,634855,0.97,CUST192654,Corporate,High,0,GB,
Amend,Default,CountryCode,359885,472800,0.86,CUST103289,Retail,High,1,GB,DE
Amend,Fix_Broken_Batch,CustomerType,306937,913839,0.11,CUST238947,Retail,High,0,US,SME
Amend,Credit_Uplift,CustomerType,854610,429311,0.65,CUST238947,Retail,Medium,0,GB,Retail
DERP,Default,IsDefaulted,889870,413708,0.6,CUST192654,Corporate,High,0,US,
Amend,GRC_EndMonth,IsDefaulted,398245,211528,0.22,CUST450896,SME,Low,1,DE,0
DERP,Defaulting_Reclassify,RiskCategory,12030,730658,0.68,CUST665428,Corporate,High,1,US,
Amend,Fix_Broken_Batch,RiskCategory,131279,689416,0.29,CUST804231,Corporate,Medium,1,DE,Low
Amend,Fix_Broken_Batch,IsDefaulted,2315,652285,0.8,CUST563201,SME,Medium,0,US,1
Amend,GRC_EndMonth,IsDefaulted,29101,598837,0.71,CUST981372,Retail,High,1,US,0
Amend,Fix_Broken_Batch,IsDefaulted,972727,153147,0.3,CUST238947,Corporate,Low,0,GB,0
Amend,Credit_Uplift,RiskCategory,997506,160130,0.61,CUST103289,SME,Low,1,US,Medium
Amend,GRC_EndMonth,IsDefaulted,574337,973811,0.76,CUST563201,Retail,High,0,US,1
Amend,Fix_Broken_Batch,RiskCategory,828381,973548,0.96,CUST103289,SME,High,0,US,High
Amend,GRC_EndMonth,CountryCode,981029,748884,0.19,CUST804231,Retail,Low,0,GB,GB
Amend,GRC_EndMonth,CountryCode,352418,802600,0.55,CUST359147,Retail,High,1,US,US
Amend,Default,CustomerID,925311,813338,0.91,CUST103289,Corporate,Low,1,US,CUST712035
Amend,Fix_Broken_Batch,CustomerID,189776,78890,0.63,CUST981372,SME,High,1,DE,CUST981372
Amend,GRC_EndMonth,CustomerID,921118,451676,0.42,CUST563201,Retail,Medium,1,GB,CUST563201
Amend,Credit_Uplift,CountryCode,141519,71316,0.05,CUST804231,Corporate,Medium,1,US,DE
DERP,Default,CustomerType,477297,415021,0.91,CUST563201,Corporate,High,0,DE,
Amend,Default,CountryCode,536913,364290,0.19,CUST450896,SME,Medium,0,DE,US
DERP,GRC_EndMonth,RiskCategory,141941,797847,0.66,CUST238947,Corporate,High,1,DE,
Amend,Default,RiskCategory,741333,584750,0.49,CUST192654,Corporate,Medium,1,GB,Medium
Amend,Defaulting_Reclassify,CountryCode,195407,391778,0.93,CUST192654,SME,Medium,0,GB,GB
Amend,Credit_Uplift,RiskCategory,584298,218166,0.52,CUST563201,Retail,High,0,US,High
Amend,Defaulting_Reclassify,RiskCategory,589331,466335,0.35,CUST103289,SME,Low,1,US,Low
Amend,Fix_Broken_Batch,IsDefaulted,534009,262309,0.09,CUST103289,Retail,Low,0,GB,1
Amend,GRC_EndMonth,CustomerID,292035,97212,0.36,CUST450896,SME,Low,1,GB,CUST450896
Amend,Defaulting_Reclassify,CustomerID,122478,902511,0.11,CUST450896,Retail,High,0,DE,CUST192654
Amend,GRC_EndMonth,CountryCode,172492,357001,0.21,CUST981372,Retail,Low,0,US,DE
Amend,Defaulting_Reclassify,IsDefaulted,341978,249791,0.15,CUST665428,Corporate,Medium,1,US,1
Amend,Credit_Uplift,CountryCode,182054,333960,0.03,CUST563201,SME,Medium,1,DE,GB
Amend,Default,CustomerID,208711,491400,0.7,CUST192654,SME,Medium,0,US,CUST563201
Amend,Fix_Broken_Batch,RiskCategory,211615,265176,0.97,CUST665428,SME,Medium,1,DE,Low
Amend,GRC_EndMonth,CustomerID,71584,695268,0.41,CUST563201,Corporate,Medium,0,GB,CUST103289
Amend,Fix_Broken_Batch,CountryCode,854895,79299,0.6,CUST712035,SME,High,0,US,US
Amend,Defaulting_Reclassify,CustomerID,853176,5176,0.06,CUST359147,Corporate,Low,1,DE,CUST804231
Amend,Credit_Uplift,RiskCategory,969411,675543,0.98,CUST103289,Corporate,Medium,1,DE,High
Amend,Credit_Uplift,CustomerID,103783,399502,0.91,CUST665428,SME,Medium,0,DE,CUST981372
DERP,Default,IsDefaulted,305158,89474,0.85,CUST563201,Corporate,High,0,US,
Amend,Default,CustomerType,989800,569732,0.8,CUST981372,Retail,High,1,US,SME
DERP,Fix_Broken_Batch,RiskCategory,682518,432985,0.39,CUST103289,Corporate,High,0,GB,
Amend,Credit_Uplift,CustomerID,142261,605775,0.86,CUST192654,Corporate,Medium,0,US,CUST712035
DERP,GRC_EndMonth,CustomerType,544207,520002,0.86,CUST450896,Corporate,High,1,DE,
Amend,Default,CustomerType,627619,972957,0.02,CUST804231,Corporate,Low,0,US,Retail
DERP,Default,CountryCode,631387,835797,0.95,CUST665428,Corporate,High,1,US,
Amend,Credit_Uplift,CountryCode,356720,73381,0.91,CUST665428,SME,Low,1,GB,US
Amend,Credit_Uplift,CountryCode,82403,272638,0.28,CUST804231,Corporate,Low,0,US,US
Amend,Defaulting_Reclassify,CustomerType,704902,879564,0.17,CUST981372,Corporate,Medium,1,GB,Corporate
Amend,Fix_Broken_Batch,IsDefaulted,919052,910916,0.84,CUST238947,Corporate,Medium,1,DE,1
Amend,Fix_Broken_Batch,CountryCode,685446,673157,0.73,CUST103289,Retail,High,0,US,DE
Amend,Default,CustomerID,118720,288493,0.42,CUST804231,Retail,Medium,1,US,CUST103289
DERP,Credit_Uplift,IsDefaulted,198163,177251,0.83,CUST804231,Corporate,High,0,US,
Amend,GRC_EndMonth,CountryCode,312994,456293,0.14,CUST359147,Retail,Medium,1,GB,DE
Amend,Defaulting_Reclassify,CustomerType,461012,546925,0.89,CUST981372,Corporate,Low,0,US,SME
Amend,GRC_EndMonth,RiskCategory,569613,124404,0.94,CUST665428,Retail,High,1,GB,Low
DERP,Defaulting_Reclassify,IsDefaulted,808243,203344,0.13,CUST563201,Corporate,High,1,US,
Amend,Default,RiskCategory,838066,82030,0.21,CUST103289,Retail,High,1,GB,Low
Amend,Credit_Uplift,CustomerType,963969,81232,0.85,CUST192654,Retail,Medium,0,GB,SME
Amend,GRC_EndMonth,CustomerType,934354,629902,0.25,CUST359147,SME,Low,1,US,Retail
Amend,Default,IsDefaulted,469782,988023,0.35,CUST359147,Corporate,Low,1,GB,0
DERP,Defaulting_Reclassify,CustomerID,576564,378129,0.36,CUST563201,Corporate,High,1,US,
Amend,Default,IsDefaulted,412039,506740,0.48,CUST450896,Retail,Medium,1,US,0
Amend,Defaulting_Reclassify,CustomerType,491366,211781,0.75,CUST665428,Retail,Low,0,US,Corporate
Amend,Fix_Broken_Batch,CountryCode,228835,122878,0.8,CUST238947,Retail,High,1,DE,DE
Amend,Fix_Broken_Batch,CustomerType,84671,632814,0.86,CUST665428,Corporate,Low,0,DE,Corporate
Amend,Fix_Broken_Batch,RiskCategory,635776,633449,0.23,CUST192654,Retail,Low,0,GB,High
Amend,Credit_Uplift,IsDefaulted,1801,457083,0.77,CUST665428,SME,Low,0,DE,0
Amend,Fix_Broken_Batch,CustomerType,765315,125912,0.03,CUST450896,SME,High,1,DE,Retail
DERP,Defaulting_Reclassify,CountryCode,133098,411092,0.47,CUST665428,Corporate,High,0,GB,
Amend,GRC_EndMonth,CustomerType,85355,97729,0.4,CUST665428,SME,Low,0,US,Retail
Amend,Credit_Uplift,CountryCode,271794,691899,0.32,CUST563201,SME,Low,0,DE,DE
Amend,GRC_EndMonth,RiskCategory,47797,590631,0.44,CUST712035,Retail,Low,1,US,Medium
Amend,Credit_Uplift,IsDefaulted,987572,245683,0.3,CUST804231,Retail,High,1,GB,1
Amend,GRC_EndMonth,CustomerID,572643,902051,0.53,CUST804231,Retail,Low,0,US,CUST192654
Amend,Fix_Broken_Batch,CustomerType,503631,411295,0.17,CUST804231,Retail,Low,0,DE,SME
Amend,Defaulting_Reclassify,IsDefaulted,75788,616126,0.44,CUST712035,Corporate,Low,0,DE,1
DERP,Credit_Uplift,CountryCode,241466,803004,0.81,CUST192654,Corporate,High,0,GB,
Amend,GRC_EndMonth,RiskCategory,741172,214783,0.83,CUST563201,Retail,High,0,GB,High
Amend,Defaulting_Reclassify,CustomerID,914308,540196,0.2,CUST359147,Corporate,Low,0,US,CUST981372
Amend,GRC_EndMonth,IsDefaulted,429541,425091,0.52,CUST804231,Retail,Low,0,GB,1
Amend,Fix_Broken_Batch,IsDefaulted,586024,284468,0.83,CUST450896,Retail,Medium,0,DE,1
Amend,GRC_EndMonth,CustomerID,523487,927865,0.97,CUST103289,SME,High,1,US,CUST192654
Amend,Credit_Uplift,RiskCategory,220960,289244,0.99,CUST238947,SME,High,1,US,High
Amend,Defaulting_Reclassify,CustomerID,335482,932193,0.83,CUST804231,SME,Medium,1,GB,CUST192654
Amend,Default,IsDefaulted,963562,414160,0.14,CUST981372,SME,Medium,1,GB,1
Amend,Default,RiskCategory,124217,423706,0.49,CUST804231,SME,Medium,1,GB,High
Amend,Defaulting_Reclassify,CustomerType,181938,794028,0.37,CUST981372,Retail,High,1,GB,SME
Amend,Defaulting_Reclassify,CountryCode,386600,18686,0.78,CUST712035,SME,Medium,1,US,GB
Amend,Fix_Broken_Batch,CustomerID,459364,82276,0.58,CUST192654,Retail,High,1,GB,CUST238947
Amend,Defaulting_Reclassify,RiskCategory,771678,482866,0.07,CUST450896,SME,Medium,1,GB,Medium
Amend,GRC_EndMonth,IsDefaulted,6289,963459,0.4,CUST450896,SME,Low,1,DE,1
Amend,GRC_EndMonth,CustomerID,240406,206479,0.82,CUST359147,Corporate,Low,0,DE,CUST563201
Amend,Credit_Uplift,RiskCategory,187319,560095,0.75,CUST192654,SME,High,0,DE,High
Amend,Defaulting_Reclassify,CustomerID,76171,602396,0.95,CUST103289,Corporate,Low,1,DE,CUST450896
Amend,Default,CustomerID,662341,67832,0.37,CUST103289,Retail,High,0,DE,CUST103289
Amend,Default,IsDefaulted,751997,448120,0.01,CUST665428,SME,High,1,GB,1
Amend,GRC_EndMonth,CustomerType,196269,381175,0.08,CUST238947,SME,Low,0,GB,Corporate
Amend,Default,CustomerType,79675,590724,0.72,CUST665428,Corporate,Medium,1,GB,Corporate
Amend,Defaulting_Reclassify,CustomerID,422948,852250,0.01,CUST563201,SME,Medium,0,GB,CUST665428
Amend,Default,CustomerID,379347,182907,0.93,CUST981372,SME,High,0,DE,CUST981372
Amend,Credit_Uplift,CountryCode,680574,917666,0.49,CUST563201,SME,High,1,US,GB
Amend,Fix_Broken_Batch,CountryCode,228889,117902,0.92,CUST450896,Corporate,Medium,1,GB,GB
Amend,GRC_EndMonth,RiskCategory,440901,154288,0.42,CUST665428,SME,High,0,GB,Medium
Amend,Defaulting_Reclassify,IsDefaulted,851458,381199,0.47,CUST665428,Retail,Medium,1,US,0
DERP,Default,CustomerType,735945,851361,0.0,CUST712035,Corporate,High,1,US,
Amend,Fix_Broken_Batch,CountryCode,269954,278769,0.65,CUST712035,Retail,Medium,0,GB,GB
Amend,Fix_Broken_Batch,RiskCategory,545901,310608,0.98,CUST238947,Corporate,Medium,1,DE,High
Amend,Credit_Uplift,RiskCategory,524860,932005,0.46,CUST450896,Corporate,Medium,0,GB,Low
Amend,Default,CustomerType,102732,958074,0.81,CUST103289,Retail,High,1,DE,Retail
Amend,Defaulting_Reclassify,CustomerID,939961,768648,0.24,CUST103289,Retail,High,0,DE,CUST712035
Amend,Credit_Uplift,CountryCode,557199,619836,0.18,CUST450896,SME,High,1,DE,GB
Amend,Defaulting_Reclassify,IsDefaulted,726106,72801,0.35,CUST450896,Retail,High,0,US,0
Amend,Credit_Uplift,CountryCode,556113,639481,0.73,CUST192654,Retail,High,0,DE,US
Amend,Fix_Broken_Batch,CountryCode,904204,416029,0.79,CUST981372,Retail,Medium,0,US,GB
Amend,Default,CustomerType,349823,95361,0.0,CUST450896,SME,Low,0,GB,Retail
Amend,Credit_Uplift,CustomerType,483632,83732,0.52,CUST359147,Retail,High,1,GB,Retail
Amend,Credit_Uplift,CustomerType,734428,929308,0.2,CUST238947,Corporate,Low,1,DE,SME
Amend,Fix_Broken_Batch,RiskCategory,951150,373089,0.12,CUST563201,Corporate,Low,0,GB,High
Amend,Fix_Broken_Batch,CustomerType,384100,894926,0.72,CUST238947,Corporate,Medium,1,DE,SME
Amend,Default,CustomerType,496628,115459,0.85,CUST192654,Retail,Medium,1,US,Corporate
Amend,GRC_EndMonth,CustomerID,982726,350157,0.82,CUST665428,SME,Medium,1,DE,CUST981372
Amend,Fix_Broken_Batch,CustomerType,533064,323026,0.56,CUST238947,Corporate,Low,1,US,SME
Amend,Defaulting_Reclassify,CustomerType,334293,608700,0.98,CUST359147,SME,Medium,0,US,Retail
DERP,Credit_Uplift,RiskCategory,5612,26163,0.39,CUST981372,Corporate,High,1,GB,
Amend,Defaulting_Reclassify,CustomerType,627795,871304,0.6,CUST981372,SME,Low,1,GB,SME
Amend,Credit_Uplift,CountryCode,765380,187964,0.77,CUST665428,SME,Medium,0,GB,GB
Amend,GRC_EndMonth,CountryCode,929554,120530,0.08,CUST665428,Retail,Low,0,US,DE
Amend,Default,CustomerID,626093,713645,0.07,CUST103289,SME,Low,1,GB,CUST665428
Amend,GRC_EndMonth,CountryCode,897117,670606,0.88,CUST665428,SME,Medium,0,US,DE
Amend,Defaulting_Reclassify,CustomerType,273297,574534,0.03,CUST981372,Retail,Medium,1,US,Corporate
Amend,Default,CustomerID,603810,46845,0.35,CUST192654,Retail,High,1,GB,CUST359147
Amend,Fix_Broken_Batch,CustomerType,533719,771460,0.04,CUST192654,Retail,Low,1,GB,Retail
Amend,Credit_Uplift,CustomerID,75046,373833,0.46,CUST450896,Retail,Medium,1,GB,CUST103289
Amend,Defaulting_Reclassify,IsDefaulted,845476,197952,0.53,CUST450896,Corporate,Medium,0,GB,1
Amend,Defaulting_Reclassify,RiskCategory,709294,160765,0.54,CUST238947,Retail,Medium,0,DE,Medium
Amend,Credit_Uplift,CustomerType,533046,429640,0.49,CUST665428,SME,High,0,US,Corporate
Amend,Credit_Uplift,IsDefaulted,851752,82032,0.69,CUST804231,Retail,High,0,DE,0
Amend,Defaulting_Reclassify,CustomerType,760385,914156,0.43,CUST359147,Corporate,Low,0,DE,SME
Amend,Default,CountryCode,800909,327398,0.3,CUST192654,Corporate,Medium,1,DE,DE
Amend,Default,CustomerType,7399,561116,0.33,CUST804231,SME,Medium,1,DE,Retail
Amend,GRC_EndMonth,CustomerType,112795,366033,0.74,CUST665428,SME,Medium,1,DE,SME
DERP,Credit_Uplift,IsDefaulted,617706,166953,0.63,CUST712035,Corporate,High,0,US,
Amend,Defaulting_Reclassify,IsDefaulted,947688,287876,0.89,CUST238947,Retail,Medium,1,DE,1
Amend,Credit_Uplift,CustomerType,239090,884874,0.44,CUST103289,SME,Medium,0,GB,Retail
DERP,Defaulting_Reclassify,CountryCode,259495,958959,0.94,CUST359147,Corporate,High,1,GB,
Amend,Default,CountryCode,558016,272241,0.42,CUST665428,SME,Medium,1,DE,GB
Amend,Defaulting_Reclassify,IsDefaulted,993898,183911,0.47,CUST359147,Corporate,Medium,0,DE,0
Amend,Defaulting_Reclassify,CustomerType,327284,712500,0.28,CUST238947,Retail,Low,0,US,SME
Amend,Defaulting_Reclassify,CustomerID,985069,211236,0.71,CUST712035,SME,High,0,DE,CUST359147
Amend,Defaulting_Reclassify,CountryCode,386638,819192,0.35,CUST450896,SME,Low,0,US,US
Amend,GRC_EndMonth,RiskCategory,335012,692461,0.81,CUST450896,Retail,Low,1,US,High
DERP,Credit_Uplift,IsDefaulted,253599,148757,0.41,CUST665428,Corporate,High,1,DE,
Amend,Defaulting_Reclassify,CustomerID,208251,164361,0.36,CUST665428,Corporate,Medium,1,US,CUST981372
Amend,Fix_Broken_Batch,IsDefaulted,71144,746520,0.0,CUST712035,Retail,High,1,DE,1
Amend,Credit_Uplift,IsDefaulted,475311,115324,0.75,CUST450896,Corporate,Low,0,GB,1
Amend,Fix_Broken_Batch,CustomerType,321312,838083,0.18,CUST103289,SME,Medium,0,DE,Corporate
Amend,Default,CustomerID,663630,285161,0.36,CUST563201,Retail,Low,0,US,CUST192654
Amend,Default,CountryCode,507464,916537,0.49,CUST192654,SME,Medium,0,DE,US
Amend,Fix_Broken_Batch,IsDefaulted,756472,871949,0.42,CUST359147,Corporate,Low,1,DE,1
Amend,Defaulting_Reclassify,CustomerType,179245,987369,0.1,CUST981372,Retail,High,0,GB,Retail
Amend,Default,IsDefaulted,883009,721183,0.3,CUST563201,Retail,Low,1,US,0
Amend,GRC_EndMonth,IsDefaulted,650545,220037,0.17,CUST359147,Retail,Low,1,DE,0
Amend,GRC_EndMonth,CustomerID,970769,836019,0.53,CUST450896,SME,High,1,US,CUST359147
Amend,GRC_EndMonth,RiskCategory,108711,411330,0.9,CUST359147,Corporate,Low,0,DE,Low
Amend,Default,RiskCategory,388219,822554,0.5,CUST192654,SME,Low,0,US,High
Amend,Credit_Uplift,CustomerID,668660,980136,0.25,CUST665428,Corporate,Low,1,US,CUST359147
Amend,Fix_Broken_Batch,RiskCategory,793826,251565,0.59,CUST238947,Retail,High,1,DE,Medium
DERP,Fix_Broken_Batch,IsDefaulted,981184,317275,0.41,CUST712035,Corporate,High,0,US,
Amend,Credit_Uplift,CountryCode,283768,341665,0.51,CUST103289,Corporate,Medium,0,GB,GB
Amend,GRC_EndMonth,CustomerID,906473,253377,0.24,CUST450896,SME,Medium,0,DE,CUST712035
Amend,Fix_Broken_Batch,RiskCategory,664408,755402,0.06,CUST192654,Retail,High,1,US,Medium
DERP,Credit_Uplift,RiskCategory,27089,936012,0.5,CUST192654,Corporate,High,1,GB,
Amend,Defaulting_Reclassify,RiskCategory,365192,95569,0.77,CUST712035,SME,Low,1,DE,Low
Amend,Credit_Uplift,CustomerID,657500,677056,0.94,CUST238947,Retail,Low,0,DE,CUST192654
Amend,GRC_EndMonth,IsDefaulted,803528,37910,0.17,CUST563201,Corporate,Medium,0,DE,1
Amend,Fix_Broken_Batch,CustomerID,369744,935965,0.85,CUST238947,SME,High,0,US,CUST359147
Amend,GRC_EndMonth,IsDefaulted,631534,820849,0.42,CUST665428,Retail,High,1,DE,1
Amend,Defaulting_Reclassify,CustomerType,583164,706291,0.68,CUST238947,Corporate,Medium,1,DE,Retail
Amend,Fix_Broken_Batch,CustomerID,635774,449327,0.07,CUST103289,SME,Medium,0,DE,CUST450896
DERP,Fix_Broken_Batch,RiskCategory,218075,288849,0.22,CUST665428,Corporate,High,1,DE,
Amend,Default,CustomerType,149781,411935,0.33,CUST712035,Retail,High,1,US,Corporate
DERP,Default,CountryCode,584025,498946,0.54,CUST359147,Corporate,High,0,DE,
Amend,Default,CustomerType,91455,834320,0.84,CUST712035,SME,Medium,1,US,Corporate
Amend,GRC_EndMonth,CustomerType,12554,451816,0.34,CUST450896,SME,Medium,1,DE,SME
Amend,Defaulting_Reclassify,CustomerID,946644,404185,0.13,CUST450896,Retail,High,1,GB,CUST712035
Amend,Defaulting_Reclassify,CustomerType,825578,987332,0.08,CUST450896,Retail,Low,0,DE,Corporate
Amend,GRC_EndMonth,RiskCategory,47918,790859,0.63,CUST192654,Retail,Low,0,DE,High
Amend,Default,CustomerID,222940,865196,0.92,CUST712035,SME,Medium,0,US,CUST359147
Amend,Default,CustomerType,933219,832677,0.86,CUST563201,Retail,Medium,1,US,Retail
Amend,Default,CountryCode,249902,125185,0.99,CUST192654,SME,High,0,US,GB
Amend,Credit_Uplift,CustomerID,590224,144215,0.27,CUST359147,SME,Medium,1,DE,CUST359147
Amend,Default,CustomerID,595006,871806,0.09,CUST712035,SME,Low,1,GB,CUST238947
Amend,Defaulting_Reclassify,RiskCategory,57974,197634,0.63,CUST804231,Corporate,Low,0,DE,High
Amend,Fix_Broken_Batch,RiskCategory,600807,177593,0.99,CUST981372,Retail,Low,0,US,Medium
Amend,Default,RiskCategory,795160,107727,0.55,CUST563201,SME,Medium,1,DE,High
Amend,Credit_Uplift,CustomerType,701145,10581,0.43,CUST238947,Retail,Medium,0,GB,SME
Amend,Credit_Uplift,CountryCode,550905,130145,0.08,CUST103289,Retail,Low,1,DE,US
Amend,GRC_EndMonth,CustomerID,964774,747167,0.45,CUST192654,SME,Low,1,DE,CUST804231
Amend,Default,CustomerID,188227,935689,0.98,CUST981372,Corporate,Medium,0,US,CUST359147
Amend,Default,CountryCode,986200,43069,0.24,CUST103289,SME,High,0,US,GB
Amend,Default,CustomerID,393434,133986,0.7,CUST450896,Corporate,Medium,0,GB,CUST103289
Amend,Default,RiskCategory,194891,293619,0.25,CUST103289,SME,Medium,1,US,High
Amend,Default,CustomerID,68742,648091,0.62,CUST450896,SME,High,1,US,CUST804231
Amend,Credit_Uplift,CustomerID,309808,988588,0.16,CUST192654,SME,Low,1,US,CUST712035
Amend,GRC_EndMonth,CountryCode,109440,198996,0.07,CUST238947,Retail,High,0,GB,DE
